country,pr_1990,cl_1990,status_1990,pr_1991,cl_1991,status_1991,pr_1992,cl_1992,status_1992,pr_1993,cl_1993,status_1993,pr_1994,cl_1994,status_1994,pr_1995,cl_1995,status_1995,pr_1996,cl_1996,status_1996,pr_1997,cl_1997,status_1997,pr_1998,cl_1998,status_1998,pr_1999,cl_1999,status_1999,pr_2000,cl_2000,status_2000,pr_2001,cl_2001,status_2001,pr_2002,cl_2002,status_2002,pr_2003,cl_2003,status_2003,pr_2004,cl_2004,status_2004,pr_2005,cl_2005,status_2005,pr_2006,cl_2006,status_2006,pr_2007,cl_2007,status_2007,pr_2008,cl_2008,status_2008,pr_2009,cl_2009,status_2009,pr_2010,cl_2010,status_2010,pr_2011,cl_2011,status_2011,pr_2012,cl_2012,status_2012,pr_2013,cl_2013,status_2013,pr_2014,cl_2014,status_2014,pr_2015,cl_2015,status_2015,pr_2016,cl_2016,status_2016,pr_2017,cl_2017,status_2017,pr_2018,cl_2018,status_2018,pr_2019,cl_2019,status_2019,pr_2020,cl_2020,status_2020,pr_2021,cl_2021,status_2021,pr_2022,cl_2022,status_2022
Afghanistan,7,7,NF,7,7,NF,6,6,NF,7,7,NF,7,7,NF,7,7,NF,7,7,NF,7,7,NF,7,7,NF,7,7,NF,7,7,NF,7,7,NF,6,6,NF,6,6,NF,5,6,NF,5,5,PF,5,5,PF,5,5,PF,5,6,NF,6,6,NF,6,6,NF,6,6,NF,6,6,NF,6,6,NF,6,6,NF,6,6,NF,6,6,NF,5,6,NF,5,6,NF,5,6,NF,5,6,NF,7,6,NF,7,7,NF
Albania,7,6,NF,4,4,PF,4,3,PF,2,4,PF,3,4,PF,3,4,PF,4,4,PF,4,4,PF,4,5,PF,4,5,PF,4,5,PF,3,4,PF,3,3,PF,3,3,PF,3,3,PF,3,3,PF,3,3,PF,3,3,PF,3,3,PF,3,3,PF,3,3,PF,3,3,PF,3,3,PF,3,3,PF,3,3,PF,3,3,PF,3,3,PF,3,3,PF,3,3,PF,3,3,PF,3,3,PF,3,3,PF,3,3,PF
Algeria,4,4,PF,4,4,PF,7,6,NF,7,6,NF,7,7,NF,6,6,NF,6,6,NF,6,6,NF,6,5,NF,6,5,NF,6,5,NF,6,5,NF,6,5,NF,6,5,NF,6,5,NF,6,5,NF,6,5,NF,6,5,NF,6,5,NF,6,5,NF,6,5,NF,6,5,NF,6,5,NF,6,5,NF,6,5,NF,6,5,NF,6,5,NF,6,5,NF,6,5,NF,6,5,NF,6,5,NF,6,5,NF,6,5,NF
Andorra,-,-,-,-,-,-,-,-,-,2,1,F,1,1,F,1,1,F,1,1,F,1,1,F,1,1,F,1,1,F,1,1,F,1,1,F,1,1,F,1,1,F,1,1,F,1,1,F,1,1,F,1,1,F,1,1,F,1,1,F,1,1,F,1,1,F,1,1,F,1,1,F,1,1,F,1,1,F,1,1,F,1,1,F,1,1,F,1,1,F,1,1,F,1,1,F,1,1,F
Angola,7,7,NF,6,4,PF,6,6,NF,7,7,NF,7,7,NF,6,6,NF,6,6,NF,6,6,NF,6,6,NF,6,6,NF,6,6,NF,6,6,NF,6,5,NF,6,5,NF,6,5,NF,6,5,NF,6,5,NF,6,5,NF,6,5,NF,6,5,NF,6,5,NF,6,5,NF,6,5,NF,6,5,NF,6,5,NF,6,6,NF,6,6,NF,6,6,NF,6,5,NF,6,5,NF,6,5,NF,6,5,NF,6,5,NF
Antigua and Barbuda,3,2,F,3,3,PF,3,3,PF,4,3,PF,4,3,PF,4,3,PF,4,3,PF,4,3,PF,4,3,PF,4,3,PF,4,2,PF,4,2,PF,4,2,PF,4,2,PF,2,2,F,2,2,F,2,2,F,2,2,F,2,2,F,3,2,F,3,2,F,3,2,F,2,2,F,2,2,F,2,2,F,2,2,F,2,2,F,2,2,F,2,2,F,2,2,F,2,2,F,2,2,F,2,2,F
Argentina,1,3,F,1,3,F,2,3,F,2,3,F,2,3,F,2,3,F,2,3,F,2,3,F,3,3,F,2,3,F,1,2,F,3,3,PF,3,3,PF,2,2,F,2,2,F,2,2,F,2,2,F,2,2,F,2,2,F,2,2,F,2,2,F,2,2,F,2,2,F,2,2,F,2,2,F,2,2,F,2,2,F,2,2,F,2,2,F,2,2,F,2,2,F,2,2,F,2,2,F
Armenia,-,-,-,5,5,PF,4,3,PF,3,4,PF,3,4,PF,4,4,PF,5,4,PF,5,4,PF,4,4,PF,4,4,PF,4,4,PF,4,4,PF,4,4,PF,4,4,PF,5,4,PF,5,4,PF,5,4,PF,5,4,PF,6,4,PF,6,4,PF,6,4,PF,6,4,PF,5,4,PF,5,4,PF,5,4,PF,5,4,PF,5,4,PF,5,4,PF,4,4,PF,4,4,PF,4,4,PF,4,4,PF,4,4,PF
Australia,1,1,F,1,1,F,1,1,F,1,1,F,1,1,F,1,1,F,1,1,F,1,1,F,1,1,F,1,1,F,1,1,F,1,1,F,1,1,F,1,1,F,1,1,F,1,1,F,1,1,F,1,1,F,1,1,F,1,1,F,1,1,F,1,1,F,1,1,F,1,1,F,1,1,F,1,1,F,1,1,F,1,1,F,1,1,F,1,1,F,1,1,F,1,1,F,1,1,F
Austria,1,1,F,1,1,F,1,1,F,1,1,F,1,1,F,1,1,F,1,1,F,1,1,F,1,1,F,1,1,F,1,1,F,1,1,F,1,1,F,1,1,F,1,1,F,1,1,F,1,1,F,1,1,F,1,1,F,1,1,F,1,1,F,1,1,F,1,1,F,1,1,F,1,1,F,1,1,F,1,1,F,1,1,F,1,1,F,1,1,F,1,1,F,1,1,F,1,1,F
Azerbaijan,-,-,-,5,5,PF,5,5,PF,6,6,NF,6,6,NF,6,6,NF,6,5,NF,6,4,PF,6,4,PF,6,4,PF,6,5,PF,6,5,PF,6,5,PF,6,5,NF,6,5,NF,6,5,NF,6,5,NF,6,5,NF,6,5,NF,6,5,NF,6,5,NF,6,5,NF,6,5,NF,6,6,NF,6,6,NF,7,6,NF,7,6,NF,7,6,NF,7,6,NF,7,6,NF,7,6,NF,7,7,NF,7,7,NF
Bahamas,2,3,F,2,3,F,1,2,F,1,2,F,1,2,F,1,2,F,1,2,F,1,2,F,1,2,F,1,1,F,1,1,F,1,1,F,1,1,F,1,1,F,1,1,F,1,1,F,1,1,F,1,1,F,1,1,F,1,1,F,1,1,F,1,1,F,1,1,F,1,1,F,1,1,F,1,1,F,1,1,F,1,1,F,1,1,F,1,1,F,1,1,F,1,1,F,1,1,F
Bahrain,6,5,PF,6,5,PF,6,5,PF,6,6,NF,6,6,NF,6,6,NF,7,6,NF,7,6,NF,7,6,NF,7,6,NF,7,6,NF,6,5,NF,5,5,PF,5,5,PF,5,5,PF,5,5,PF,5,5,PF,5,5,PF,5,5,PF,6,5,NF,6,5,NF,6,6,NF,6,6,NF,6,6,NF,7,6,NF,7,6,NF,7,6,NF,7,6,NF,7,6,NF,7,6,NF,7,6,NF,7,6,NF,7,6,NF
Bangladesh,5,5,PF,2,3,F,2,3,F,2,4,PF,2,4,PF,3,4,PF,2,4,PF,2,4,PF,2,4,PF,3,4,PF,3,4,PF,3,4,PF,4,4,PF,4,4,PF,4,4,PF,4,4,PF,4,4,PF,5,4,PF,4,4,PF,3,4,PF,3,4,PF,3,4,PF,3,4,PF,3,4,PF,4,4,PF,4,4,PF,4,4,PF,4,4,PF,5,5,PF,5,5,PF,5,5,PF,5,5,PF,5,5,PF
Barbados,1,1,F,1,1,F,1,1,F,1,1,F,1,1,F,1,1,F,1,1,F,1,1,F,1,1,F,1,1,F,1,1,F,1,1,F,1,1,F,1,1,F,1,1,F,1,1,F,1,1,F,1,1,F,1,1,F,1,1,F,1,1,F,1,1,F,1,1,F,1,1,F,1,1,F,1,1,F,1,1,F,1,1,F,1,1,F,1,1,F,1,1,F,1,1,F,1,1,F
Belarus,-,-,-,4,4,PF,4,3,PF,5,4,PF,4,4,PF,5,5,PF,6,6,NF,6,6,NF,6,6,NF,6,6,NF,6,6,NF,6,6,NF,6,6,NF,6,6,NF,7,6,NF,7,6,NF,7,6,NF,7,6,NF,7,6,NF,7,6,NF,7,6,NF,7,6,NF,7,6,NF,7,6,NF,7,6,NF,7,6,NF,7,6,NF,6,6,NF,7,6,NF,7,6,NF,7,6,NF,7,7,NF,7,7,NF
Belgium,1,1,F,1,1,F,1,1,F,1,1,F,1,1,F,1,1,F,1,2,F,1,2,F,1,2,F,1,2,F,1,2,F,1,2,F,1,1,F,1,1,F,1,1,F,1,1,F,1,1,F,1,1,F,1,1,F,1,1,F,1,1,F,1,1,F,1,1,F,1,1,F,1,1,F,1,1,F,1,1,F,1,1,F,1,1,F,1,1,F,1,1,F,1,1,F,1,1,F
Belize,1,2,F,1,1,F,1,1,F,1,1,F,1,1,F,1,1,F,1,1,F,1,1,F,1,1,F,1,1,F,1,1,F,1,2,F,1,2,F,1,2,F,1,2,F,1,2,F,1,2,F,1,2,F,1,2,F,1,2,F,1,2,F,1,2,F,1,2,F,1,2,F,1,2,F,1,2,F,1,2,F,1,2,F,1,2,F,2,2,F,2,1,F,2,1,F,2,1,F
Benin,6,4,PF,2,3,F,2,3,F,2,3,F,2,3,F,2,2,F,2,2,F,2,2,F,2,2,F,2,3,F,2,2,F,3,2,F,3,2,F,2,2,F,2,2,F,2,2,F,2,2,F,2,2,F,2,2,F,2,2,F,2,2,F,2,2,F,2,2,F,2,2,F,2,2,F,2,2,F,2,2,F,2,2,F,2,2,F,4,2,PF,4,2,PF,5,3,PF,5,3,PF
Bhutan,6,5,PF,6,5,PF,7,6,NF,7,7,NF,7,7,NF,7,7,NF,7,7,NF,7,7,NF,7,6,NF,7,6,NF,7,6,NF,7,6,NF,6,5,NF,6,5,NF,6,5,NF,6,5,NF,6,5,NF,6,5,NF,4,5,PF,4,5,PF,4,5,PF,4,5,PF,4,5,PF,3,4,PF,3,4,PF,3,4,PF,3,4,PF,3,4,PF,3,4,PF,3,4,PF,2,4,PF,3,4,PF,3,4,PF
Bolivia,2,3,F,2,3,F,2,3,F,2,3,F,2,3,F,2,4,PF,2,3,F,1,3,F,1,3,F,1,3,F,1,3,F,1,3,F,2,3,F,3,3,PF,3,3,PF,3,3,PF,3,3,PF,3,3,PF,3,3,PF,3,3,PF,3,3,PF,3,3,PF,3,3,PF,3,3,PF,3,3,PF,3,3,PF,3,3,PF,3,3,PF,3,3,PF,3,3,PF,3,3,PF,3,3,PF,3,3,PF
Bosnia and Herzegovina,-,-,-,-,-,-,6,6,NF,6,6,NF,6,6,NF,6,6,NF,5,5,PF,5,5,PF,5,5,PF,5,5,PF,5,4,PF,5,4,PF,4,4,PF,4,4,PF,4,3,PF,4,3,PF,3,3,PF,4,3,PF,4,3,PF,4,3,PF,4,3,PF,4,3,PF,3,3,PF,3,3,PF,4,3,PF,4,3,PF,4,4,PF,4,4,PF,4,4,PF,4,4,PF,4,4,PF,4,4,PF,4,4,PF
Botswana,1,2,F,1,2,F,1,2,F,2,3,F,2,3,F,2,2,F,2,2,F,2,2,F,2,2,F,2,2,F,2,2,F,2,2,F,2,2,F,2,2,F,2,2,F,2,2,F,2,2,F,2,2,F,2,2,F,3,2,F,3,2,F,3,2,F,3,2,F,3,2,F,3,2,F,3,2,F,3,2,F,3,2,F,3,2,F,3,2,F,3,2,F,3,2,F,3,2,F
Brazil,2,3,F,2,3,F,2,3,F,3,4,PF,2,4,PF,2,4,PF,2,4,PF,3,4,PF,3,4,PF,3,4,PF,3,3,PF,3,3,PF,2,3,F,2,3,F,2,3,F,2,2,F,2,2,F,2,2,F,2,2,F,2,2,F,2,2,F,2,2,F,2,2,F,2,2,F,2,2,F,2,2,F,2,2,F,2,2,F,2,2,F,2,2,F,2,3,F,2,3,F,2,3,F
Brunei,6,5,NF,6,5,NF,7,6,NF,7,6,NF,7,6,NF,7,5,NF,7,5,NF,7,5,NF,7,5,NF,7,5,NF,7,5,NF,7,5,NF,6,5,NF,6,5,NF,6,5,NF,6,5,NF,6,5,NF,6,5,NF,6,5,NF,6,5,NF,6,5,NF,6,5,NF,6,5,NF,6,5,NF,6,5,NF,6,5,NF,6,5,NF,6,5,NF,6,5,NF,6,5,NF,6,5,NF,6,5,NF,6,5,NF
Bulgaria,3,4,PF,2,3,F,2,3,F,2,2,F,2,2,F,2,2,F,2,3,F,2,3,F,2,3,F,2,3,F,2,3,F,1,3,F,1,2,F,1,2,F,1,2,F,1,2,F,1,2,F,1,2,F,2,2,F,2,2,F,2,2,F,2,2,F,2,2,F,2,2,F,2,2,F,2,2,F,2,2,F,2,2,F,2,2,F,2,2,F,2,2,F,2,2,F,2,2,F
Burkina Faso,6,5,NF,6,5,NF,5,5,PF,5,4,PF,5,4,PF,5,4,PF,5,4,PF,5,4,PF,5,4,PF,4,4,PF,4,4,PF,4,4,PF,4,4,PF,4,4,PF,5,4,PF,5,3,PF,5,3,PF,5,3,PF,5,3,PF,5,3,PF,5,3,PF,5,3,PF,5,3,PF,5,3,PF,6,3,PF,4,3,PF,4,3,PF,4,3,PF,4,3,PF,4,4,PF,4,4,PF,4,4,PF,7,4,NF
Burundi,7,6,NF,7,6,NF,6,5,PF,7,7,NF,6,7,NF,6,7,NF,7,7,NF,7,7,NF,7,6,NF,6,6,NF,6,6,NF,6,6,NF,6,5,NF,5,5,PF,5,5,PF,3,5,PF,4,5,PF,4,5,PF,4,5,PF,4,5,PF,5,5,PF,5,5,PF,5,5,PF,5,5,PF,6,5,NF,7,6,NF,7,6,NF,7,6,NF,7,6,NF,7,6,NF,7,6,NF,7,6,NF,7,6,NF
Cabo Verde,5,5,PF,2,3,F,1,2,F,1,2,F,1,2,F,1,2,F,1,2,F,1,2,F,1,2,F,1,2,F,1,2,F,1,2,F,1,2,F,1,1,F,1,1,F,1,1,F,1,1,F,1,1,F,1,1,F,1,1,F,1,1,F,1,1,F,1,1,F,1,1,F,1,1,F,1,1,F,1,1,F,1,1,F,1,1,F,1,1,F,1,1,F,1,1,F,1,1,F
Cambodia,7,7,NF,6,6,NF,6,6,NF,4,5,PF,4,5,PF,6,6,NF,6,6,NF,7,6,NF,6,6,NF,6,6,NF,6,6,NF,6,5,NF,6,5,NF,6,5,NF,6,5,NF,6,5,NF,6,5,NF,6,5,NF,6,5,NF,6,5,NF,6,5,NF,6,5,NF,6,5,NF,6,5,NF,6,5,NF,6,5,NF,6,5,NF,6,5,NF,6,5,NF,7,5,NF,7,5,NF,7,5,NF,7,5,NF
Cameroon,6,6,NF,6,6,NF,6,5,NF,6,5,NF,6,5,NF,7,5,NF,7,5,NF,7,5,NF,7,5,NF,7,6,NF,7,6,NF,6,6,NF,6,6,NF,6,6,NF,6,6,NF,6,6,NF,6,6,NF,6,6,NF,6,6,NF,6,6,NF,6,6,NF,6,6,NF,6,6,NF,6,6,NF,6,6,NF,6,6,NF,6,6,NF,6,6,NF,6,6,NF,6,6,NF,6,6,NF,6,6,NF,6,6,NF
Canada,1,1,F,1,1,F,1,1,F,1,1,F,1,1,F,1,1,F,1,1,F,1,1,F,1,1,F,1,1,F,1,1,F,1,1,F,1,1,F,1,1,F,1,1,F,1,1,F,1,1,F,1,1,F,1,1,F,1,1,F,1,1,F,1,1,F,1,1,F,1,1,F,1,1,F,1,1,F,1,1,F,1,1,F,1,1,F,1,1,F,1,1,F,1,1,F,1,1,F
Central African Republic,6,5,NF,6,5,PF,6,5,PF,3,4,PF,3,4,PF,3,4,PF,3,5,PF,3,5,PF,3,4,PF,3,4,PF,3,4,PF,5,5,PF,5,5,PF,7,5,NF,6,5,NF,5,4,PF,5,4,PF,5,5,PF,5,5,PF,5,5,PF,5,5,PF,5,5,PF,5,5,PF,7,7,NF,7,7,NF,7,7,NF,7,7,NF,7,7,NF,7,7,NF,7,7,NF,7,7,NF,7,7,NF,7,7,NF
Chad,7,6,NF,6,6,NF,6,6,NF,6,5,NF,6,5,NF,6,5,NF,6,5,NF,6,5,NF,6,4,NF,6,5,NF,6,5,NF,6,5,NF,6,5,NF,6,5,NF,6,5,NF,6,5,NF,6,6,NF,7,6,NF,7,6,NF,7,6,NF,7,6,NF,7,6,NF,7,6,NF,7,6,NF,7,6,NF,7,6,NF,7,6,NF,7,6,NF,7,6,NF,7,6,NF,7,6,NF,7,6,NF,7,6,NF
Chile,2,2,F,2,2,F,2,2,F,2,2,F,2,2,F,2,2,F,2,2,F,2,2,F,3,2,F,2,2,F,2,2,F,2,2,F,2,1,F,1,1,F,1,1,F,1,1,F,1,1,F,1,1,F,1,1,F,1,1,F,1,1,F,1,1,F,1,1,F,1,1,F,1,1,F,1,1,F,1,1,F,1,1,F,1,1,F,1,2,F,1,1,F,1,1,F,1,1,F
China,7,7,NF,7,7,NF,7,7,NF,7,7,NF,7,7,NF,7,7,NF,7,7,NF,7,7,NF,7,6,NF,7,6,NF,7,6,NF,7,6,NF,7,6,NF,7,6,NF,7,6,NF,7,6,NF,7,6,NF,7,6,NF,7,6,NF,7,6,NF,7,6,NF,7,6,NF,7,6,NF,7,6,NF,7,6,NF,7,6,NF,7,6,NF,7,6,NF,7,6,NF,7,6,NF,7,6,NF,7,6,NF,7,6,NF
Colombia,3,4,PF,2,4,PF,2,4,PF,2,4,PF,3,4,PF,4,4,PF,4,4,PF,4,4,PF,3,4,PF,4,4,PF,4,4,PF,4,4,PF,4,4,PF,4,4,PF,4,4,PF,3,3,PF,3,3,PF,3,3,PF,3,4,PF,3,4,PF,3,4,PF,3,4,PF,3,4,PF,3,4,PF,3,4,PF,3,4,PF,3,3,PF,3,3,PF,3,3,PF,3,3,PF,3,3,PF,3,3,PF,2,3,F
Comoros,5,5,PF,4,3,PF,4,2,PF,4,4,PF,4,4,PF,4,4,PF,4,4,PF,5,4,PF,5,4,PF,6,4,PF,6,4,PF,6,4,PF,5,4,PF,5,4,PF,4,4,PF,4,4,PF,3,4,PF,4,4,PF,3,4,PF,3,4,PF,3,4,PF,3,4,PF,3,4,PF,3,4,PF,3,4,PF,3,4,PF,3,4,PF,3,4,PF,4,4,PF,4,4,PF,5,4,PF,5,4,PF,5,4,PF
Congo (Brazzaville),6,6,NF,6,4,PF,3,3,PF,3,3,PF,4,4,PF,4,4,PF,4,4,PF,7,5,NF,7,5,NF,6,5,NF,6,4,PF,5,4,PF,6,4,PF,5,4,PF,5,4,PF,5,5,PF,6,5,NF,6,5,NF,6,5,NF,6,5,NF,6,5,NF,6,5,NF,6,5,NF,6,5,NF,6,5,NF,6,5,NF,7,5,NF,7,5,NF,7,5,NF,7,5,NF,7,5,NF,7,6,NF,7,6,NF
Congo (Kinshasa),6,6,NF,6,5,NF,6,5,NF,7,6,NF,7,6,NF,7,6,NF,7,6,NF,7,6,NF,7,6,NF,7,6,NF,7,6,NF,6,6,NF,6,6,NF,6,6,NF,6,6,NF,6,6,NF,5,6,NF,5,6,NF,6,6,NF,6,6,NF,6,6,NF,6,6,NF,6,6,NF,6,6,NF,6,6,NF,6,6,NF,7,6,NF,7,6,NF,7,6,NF,7,6,NF,7,6,NF,7,6,NF,7,6,NF
Costa Rica,1,1,F,1,1,F,1,1,F,1,2,F,1,2,F,1,2,F,1,2,F,1,2,F,1,2,F,1,2,F,1,2,F,1,2,F,1,2,F,1,2,F,1,1,F,1,1,F,1,1,F,1,1,F,1,1,F,1,1,F,1,1,F,1,1,F,1,1,F,1,1,F,1,1,F,1,1,F,1,1,F,1,1,F,1,1,F,1,1,F,1,1,F,1,1,F,1,1,F
Cote d'Ivoire,6,4,PF,6,4,PF,6,4,PF,6,5,NF,6,5,NF,6,5,NF,6,5,NF,6,4,NF,6,4,NF,6,5,PF,6,5,PF,5,4,PF,6,6,NF,6,5,NF,6,6,NF,6,6,NF,7,6,NF,7,5,NF,6,5,NF,6,5,NF,7,6,NF,6,6,NF,5,5,PF,5,4,PF,5,4,PF,4,4,PF,4,4,PF,4,4,PF,4,4,PF,4,4,PF,5,4,PF,4,4,PF,4,4,PF
Croatia,-,-,-,3,4,PF,4,4,PF,4,4,PF,4,4,PF,4,4,PF,4,4,PF,4,4,PF,4,4,PF,4,4,PF,2,3,F,2,2,F,2,2,F,2,2,F,2,2,F,2,2,F,2,2,F,2,2,F,2,2,F,1,2,F,1,2,F,1,2,F,1,2,F,1,2,F,1,2,F,1,2,F,1,2,F,1,2,F,1,2,F,1,2,F,1,2,F,1,2,F,2,2,F
Cuba,7,7,NF,7,7,NF,7,7,NF,7,7,NF,7,7,NF,7,7,NF,7,7,NF,7,7,NF,7,7,NF,7,7,NF,7,7,NF,7,7,NF,7,7,NF,7,7,NF,7,7,NF,7,7,NF,7,7,NF,7,7,NF,7,6,NF,7,6,NF,7,6,NF,7,6,NF,7,6,NF,7,6,NF,7,6,NF,7,6,NF,7,6,NF,7,6,NF,7,6,NF,7,6,NF,7,6,NF,7,6,NF,7,6,NF
Cyprus,1,1,F,1,1,F,1,1,F,1,1,F,1,1,F,1,1,F,1,1,F,1,1,F,1,1,F,1,1,F,1,1,F,1,1,F,1,1,F,1,1,F,1,1,F,1,1,F,1,1,F,1,1,F,1,1,F,1,1,F,1,1,F,1,1,F,1,1,F,1,1,F,1,1,F,1,1,F,1,1,F,1,1,F,1,1,F,1,1,F,1,1,F,1,1,F,1,1,F
Czech Republic,-,-,-,-,-,-,-,-,-,1,2,F,1,2,F,1,2,F,1,2,F,1,2,F,1,2,F,1,2,F,1,2,F,1,2,F,1,2,F,1,2,F,1,1,F,1,1,F,1,1,F,1,1,F,1,1,F,1,1,F,1,1,F,1,1,F,1,1,F,1,1,F,1,1,F,1,1,F,1,1,F,1,1,F,1,1,F,1,1,F,1,1,F,1,1,F,1,1,F
Czechoslovakia,2,2,F,2,2,F,2,2,F,-,-,-,-,-,-,-,-,-,-,-,-,-,-,-,-,-,-,-,-,-,-,-,-,-,-,-,-,-,-,-,-,-,-,-,-,-,-,-,-,-,-,-,-,-,-,-,-,-,-,-,-,-,-,-,-,-,-,-,-,-,-,-,-,-,-,-,-,-,-,-,-,-,-,-,-,-,-,-,-,-,-,-,-,-,-,-,-,-,-
Denmark,1,1,F,1,1,F,1,1,F,1,1,F,1,1,F,1,1,F,1,1,F,1,1,F,1,1,F,1,1,F,1,1,F,1,1,F,1,1,F,1,1,F,1,1,F,1,1,F,1,1,F,1,1,F,1,1,F,1,1,F,1,1,F,1,1,F,1,1,F,1,1,F,1,1,F,1,1,F,1,1,F,1,1,F,1,1,F,1,1,F,1,1,F,1,1,F,1,1,F
Djibouti,6,5,NF,6,5,NF,6,6,NF,6,6,NF,6,6,NF,5,6,NF,5,6,NF,5,6,NF,5,6,NF,4,6,PF,4,5,PF,4,5,PF,4,5,PF,5,5,PF,5,5,PF,5,5,PF,5,5,PF,5,5,PF,5,5,PF,5,5,PF,6,5,NF,6,5,NF,6,5,NF,6,5,NF,6,5,NF,6,5,NF,6,5,NF,6,5,NF,6,5,NF,7,5,NF,7,5,NF,7,5,NF,7,5,NF
Dominica,2,1,F,2,1,F,2,1,F,2,1,F,2,1,F,1,1,F,1,1,F,1,1,F,1,1,F,1,1,F,1,1,F,1,1,F,1,1,F,1,1,F,1,1,F,1,1,F,1,1,F,1,1,F,1,1,F,1,1,F,1,1,F,1,1,F,1,1,F,1,1,F,1,1,F,1,1,F,1,1,F,1,1,F,1,1,F,1,1,F,1,1,F,1,1,F,1,1,F
Dominican Republic,2,3,F,2,3,F,2,3,F,3,3,PF,4,3,PF,4,3,PF,3,3,PF,3,3,PF,2,3,F,2,3,F,2,2,F,2,2,F,2,2,F,3,2,F,2,2,F,2,2,F,2,2,F,2,2,F,2,2,F,2,2,F,2,2,F,2,2,F,2,2,F,2,3,F,2,3,F,3,3,PF,3,3,PF,3,3,PF,3,3,PF,3,3,PF,3,3,PF,3,3,PF,3,3,PF
Ecuador,2,2,F,2,3,F,2,3,F,2,3,F,2,3,F,2,3,F,2,4,PF,3,3,PF,2,3,F,2,3,F,3,3,PF,3,3,PF,3,3,PF,3,3,PF,3,3,PF,3,3,PF,3,3,PF,3,3,PF,3,3,PF,3,3,PF,3,3,PF,3,3,PF,3,3,PF,3,3,PF,3,3,PF,3,3,PF,3,4,PF,3,3,PF,3,3,PF,3,3,PF,3,3,PF,2,3,F,2,3,F
Egypt,5,4,PF,5,5,PF,5,6,PF,6,6,NF,6,6,NF,6,6,NF,6,6,NF,6,6,NF,6,6,NF,6,5,NF,6,5,NF,6,6,NF,6,6,NF,6,6,NF,6,5,NF,6,5,NF,6,5,NF,6,5,NF,6,5,NF,6,5,NF,6,5,NF,6,5,NF,5,5,PF,6,5,NF,6,5,NF,6,5,NF,6,5,NF,6,6,NF,6,6,NF,6,6,NF,6,6,NF,6,6,NF,6,6,NF
El Salvador,3,4,PF,3,4,PF,3,3,PF,3,3,PF,3,3,PF,3,3,PF,3,3,PF,2,3,F,2,3,F,2,3,F,2,3,F,2,3,F,2,3,F,2,3,F,2,3,F,2,3,F,2,3,F,2,3,F,2,3,F,2,3,F,2,3,F,2,3,F,2,3,F,2,3,F,2,3,F,2,3,F,2,3,F,2,3,F,2,3,F,2,4,PF,2,4,PF,3,4,PF,3,4,PF
Equatorial Guinea,7,7,NF,7,7,NF,7,6,NF,7,7,NF,7,7,NF,7,7,NF,7,7,NF,7,7,NF,7,7,NF,7,7,NF,7,7,NF,6,6,NF,7,6,NF,7,6,NF,7,6,NF,7,6,NF,7,6,NF,7,6,NF,7,7,NF,7,7,NF,7,7,NF,7,7,NF,7,7,NF,7,7,NF,7,7,NF,7,7,NF,7,7,NF,7,7,NF,7,7,NF,7,7,NF,7,7,NF,7,7,NF,7,7,NF
Eritrea,-,-,-,-,-,-,-,-,-,6,5,NF,6,5,NF,6,4,PF,6,4,PF,6,4,PF,6,4,PF,7,5,NF,7,5,NF,7,6,NF,7,6,NF,7,6,NF,7,6,NF,7,6,NF,7,6,NF,7,6,NF,7,6,NF,7,7,NF,7,7,NF,7,7,NF,7,7,NF,7,7,NF,7,7,NF,7,7,NF,7,7,NF,7,7,NF,7,7,NF,7,7,NF,7,7,NF,7,7,NF,7,7,NF
Estonia,-,-,-,2,3,F,3,3,PF,3,2,F,3,2,F,2,2,F,1,2,F,1,2,F,1,2,F,1,2,F,1,2,F,1,2,F,1,2,F,1,2,F,1,1,F,1,1,F,1,1,F,1,1,F,1,1,F,1,1,F,1,1,F,1,1,F,1,1,F,1,1,F,1,1,F,1,1,F,1,1,F,1,1,F,1,1,F,1,1,F,1,1,F,1,1,F,1,1,F
Eswatini,6,5,PF,6,5,PF,6,5,PF,6,5,NF,6,5,NF,6,5,NF,6,5,NF,6,5,NF,6,4,NF,6,5,NF,6,5,NF,6,5,NF,6,5,NF,7,5,NF,7,5,NF,7,5,NF,7,5,NF,7,5,NF,7,5,NF,7,5,NF,7,5,NF,7,5,NF,7,5,NF,7,5,NF,7,5,NF,7,5,NF,7,5,NF,7,6,NF,7,6,NF,7,5,NF,7,5,NF,7,6,NF,7,6,NF
Ethiopia,7,7,NF,6,5,PF,6,4,PF,6,5,NF,6,5,NF,4,5,PF,4,5,PF,4,5,PF,4,4,PF,5,5,PF,5,5,PF,5,5,PF,5,5,PF,5,5,PF,5,5,PF,5,5,PF,5,5,PF,5,5,PF,5,5,PF,5,5,PF,6,6,NF,6,6,NF,6,6,NF,6,6,NF,6,6,NF,7,6,NF,7,6,NF,7,6,NF,6,6,NF,6,6,NF,6,6,NF,5,6,NF,6,6,NF
Fiji,6,4,PF,6,4,PF,4,3,PF,4,3,PF,4,3,PF,4,3,PF,4,3,PF,4,3,PF,4,3,PF,2,3,F,6,3,PF,4,3,PF,4,3,PF,4,3,PF,4,3,PF,4,3,PF,6,4,PF,6,4,PF,6,4,PF,6,4,PF,6,4,PF,6,4,PF,6,4,PF,6,4,PF,3,4,PF,3,3,PF,3,4,PF,3,3,PF,3,3,PF,3,3,PF,3,3,PF,4,3,PF,3,3,PF
Finland,1,1,F,1,1,F,1,1,F,1,1,F,1,1,F,1,1,F,1,1,F,1,1,F,1,1,F,1,1,F,1,1,F,1,1,F,1,1,F,1,1,F,1,1,F,1,1,F,1,1,F,1,1,F,1,1,F,1,1,F,1,1,F,1,1,F,1,1,F,1,1,F,1,1,F,1,1,F,1,1,F,1,1,F,1,1,F,1,1,F,1,1,F,1,1,F,1,1,F
France,1,2,F,1,2,F,1,2,F,1,2,F,1,2,F,1,2,F,1,2,F,1,2,F,1,2,F,1,2,F,1,2,F,1,2,F,1,1,F,1,1,F,1,1,F,1,1,F,1,1,F,1,1,F,1,1,F,1,1,F,1,1,F,1,1,F,1,1,F,1,1,F,1,1,F,1,1,F,1,2,F,1,2,F,1,2,F,1,2,F,1,2,F,1,2,F,1,2,F
Gabon,4,4,PF,4,3,PF,4,4,PF,5,4,PF,5,4,PF,5,4,PF,5,4,PF,5,4,PF,5,4,PF,5,4,PF,5,4,PF,5,4,PF,5,4,PF,5,4,PF,5,4,PF,6,4,PF,6,4,PF,6,4,PF,6,4,PF,6,5,NF,6,5,NF,6,5,NF,6,5,NF,6,5,NF,6,5,NF,6,5,NF,6,5,NF,7,5,NF,7,5,NF,7,5,NF,7,5,NF,7,5,NF,7,5,NF
Georgia,-,-,-,6,5,NF,4,5,PF,5,5,PF,5,5,PF,4,5,PF,4,4,PF,3,4,PF,3,4,PF,3,4,PF,4,4,PF,4,4,PF,4,4,PF,4,4,PF,3,4,PF,3,3,PF,3,3,PF,4,4,PF,4,4,PF,4,4,PF,4,3,PF,4,3,PF,3,3,PF,3,3,PF,3,3,PF,3,3,PF,3,3,PF,3,3,PF,3,3,PF,3,3,PF,4,3,PF,4,3,PF,4,3,PF
Germany,1,2,F,1,2,F,1,2,F,1,2,F,1,2,F,1,2,F,1,2,F,1,2,F,1,2,F,1,2,F,1,2,F,1,2,F,1,1,F,1,1,F,1,1,F,1,1,F,1,1,F,1,1,F,1,1,F,1,1,F,1,1,F,1,1,F,1,1,F,1,1,F,1,1,F,1,1,F,1,1,F,1,1,F,1,1,F,1,1,F,1,1,F,1,1,F,1,1,F
"Germany, E.",-,-,-,-,-,-,-,-,-,-,-,-,-,-,-,-,-,-,-,-,-,-,-,-,-,-,-,-,-,-,-,-,-,-,-,-,-,-,-,-,-,-,-,-,-,-,-,-,-,-,-,-,-,-,-,-,-,-,-,-,-,-,-,-,-,-,-,-,-,-,-,-,-,-,-,-,-,-,-,-,-,-,-,-,-,-,-,-,-,-,-,-,-,-,-,-,-,-,-
"Germany, W.",-,-,-,-,-,-,-,-,-,-,-,-,-,-,-,-,-,-,-,-,-,-,-,-,-,-,-,-,-,-,-,-,-,-,-,-,-,-,-,-,-,-,-,-,-,-,-,-,-,-,-,-,-,-,-,-,-,-,-,-,-,-,-,-,-,-,-,-,-,-,-,-,-,-,-,-,-,-,-,-,-,-,-,-,-,-,-,-,-,-,-,-,-,-,-,-,-,-,-
Ghana,6,5,NF,6,6,NF,5,5,PF,5,4,PF,5,4,PF,4,4,PF,3,4,PF,3,3,PF,3,3,PF,3,3,PF,2,3,F,2,3,F,2,3,F,2,2,F,2,2,F,1,2,F,1,2,F,1,2,F,1,2,F,1,2,F,1,2,F,1,2,F,1,2,F,1,2,F,1,2,F,1,2,F,1,2,F,1,2,F,1,2,F,2,2,F,2,2,F,2,2,F,2,2,F
Greece,1,2,F,1,2,F,1,2,F,1,3,F,1,3,F,1,3,F,1,3,F,1,3,F,1,3,F,1,3,F,1,3,F,1,3,F,1,2,F,1,2,F,1,2,F,1,2,F,1,2,F,1,2,F,1,2,F,1,2,F,1,2,F,2,2,F,2,2,F,2,2,F,2,2,F,2,2,F,2,2,F,2,2,F,1,2,F,1,2,F,1,2,F,1,2,F,2,2,F
Grenada,2,2,F,1,2,F,1,2,F,1,2,F,1,2,F,1,2,F,1,2,F,1,2,F,1,2,F,1,2,F,1,2,F,1,2,F,1,2,F,1,2,F,1,2,F,1,2,F,1,2,F,1,2,F,1,2,F,1,2,F,1,2,F,1,2,F,1,2,F,1,2,F,1,2,F,1,2,F,1,2,F,1,2,F,1,2,F,1,2,F,1,2,F,1,2,F,1,2,F
Guatemala,3,4,PF,3,5,PF,4,5,PF,4,5,PF,4,5,PF,4,5,PF,3,4,PF,3,4,PF,3,4,PF,3,4,PF,3,4,PF,3,4,PF,4,4,PF,4,4,PF,4,4,PF,4,4,PF,3,4,PF,3,4,PF,3,4,PF,4,4,PF,4,4,PF,3,4,PF,3,4,PF,3,4,PF,3,4,PF,4,4,PF,4,4,PF,4,4,PF,4,4,PF,4,4,PF,4,4,PF,4,4,PF,4,4,PF
Guinea,6,5,NF,6,5,NF,6,5,PF,6,5,NF,6,5,NF,6,5,NF,6,5,NF,6,5,NF,6,5,NF,6,5,NF,6,5,NF,6,5,NF,6,5,NF,6,5,NF,6,5,NF,6,5,NF,6,5,NF,6,5,NF,7,5,NF,7,6,NF,5,5,PF,5,5,PF,5,5,PF,5,5,PF,5,5,PF,5,5,PF,5,5,PF,5,5,PF,5,4,PF,5,5,PF,5,5,PF,6,5,NF,6,5,NF
Guinea-Bissau,6,5,NF,6,5,PF,6,5,PF,6,5,PF,3,4,PF,3,4,PF,3,4,PF,3,4,PF,3,5,PF,3,5,PF,4,5,PF,4,5,PF,4,5,PF,6,4,PF,4,4,PF,3,4,PF,4,4,PF,4,4,PF,4,4,PF,4,4,PF,4,4,PF,4,4,PF,6,5,NF,6,5,NF,5,5,PF,5,5,PF,5,5,PF,5,5,PF,5,4,PF,5,4,PF,5,4,PF,5,4,PF,5,4,PF
Guyana,5,4,PF,5,4,PF,3,3,PF,2,2,F,2,2,F,2,2,F,2,2,F,2,2,F,2,2,F,2,2,F,2,2,F,2,2,F,2,2,F,2,2,F,2,2,F,3,3,PF,2,3,F,2,3,F,2,3,F,2,3,F,2,3,F,2,3,F,2,3,F,2,3,F,2,3,F,2,3,F,2,3,F,2,3,F,2,3,F,2,3,F,2,3,F,2,3,F,2,3,F
Haiti,4,4,PF,7,7,NF,7,7,NF,7,7,NF,5,5,PF,5,5,PF,4,5,PF,4,5,PF,5,5,PF,5,5,PF,6,5,NF,6,6,NF,6,6,NF,6,6,NF,7,6,NF,7,6,NF,4,5,PF,4,5,PF,4,5,PF,4,5,PF,4,5,PF,4,5,PF,4,5,PF,4,5,PF,5,5,PF,5,5,PF,5,5,PF,5,5,PF,5,5,PF,5,5,PF,5,5,PF,6,5,NF,6,5,NF
Honduras,2,3,F,2,3,F,2,3,F,3,3,PF,3,3,PF,3,3,PF,3,3,PF,2,3,F,2,3,F,3,3,PF,3,3,PF,3,3,PF,3,3,PF,3,3,PF,3,3,PF,3,3,PF,3,3,PF,3,3,PF,3,3,PF,4,4,PF,4,4,PF,4,4,PF,4,4,PF,4,4,PF,4,4,PF,4,4,PF,4,4,PF,4,4,PF,4,4,PF,4,4,PF,4,5,PF,4,4,PF,4,4,PF
Hungary,2,2,F,2,2,F,2,2,F,1,2,F,1,2,F,1,2,F,1,2,F,1,2,F,1,2,F,1,2,F,1,2,F,1,2,F,1,2,F,1,2,F,1,1,F,1,1,F,1,1,F,1,1,F,1,1,F,1,1,F,1,1,F,1,2,F,1,2,F,1,2,F,2,2,F,2,2,F,3,2,F,3,2,F,3,3,PF,3,3,PF,3,3,PF,3,3,PF,3,3,PF
Iceland,1,1,F,1,1,F,1,1,F,1,1,F,1,1,F,1,1,F,1,1,F,1,1,F,1,1,F,1,1,F,1,1,F,1,1,F,1,1,F,1,1,F,1,1,F,1,1,F,1,1,F,1,1,F,1,1,F,1,1,F,1,1,F,1,1,F,1,1,F,1,1,F,1,1,F,1,1,F,1,1,F,1,1,F,1,1,F,1,1,F,1,1,F,1,1,F,1,1,F
India,2,3,F,3,4,PF,3,4,PF,4,4,PF,4,4,PF,4,4,PF,2,4,PF,2,4,PF,2,3,F,2,3,F,2,3,F,2,3,F,2,3,F,2,3,F,2,3,F,2,3,F,2,3,F,2,3,F,2,3,F,2,3,F,2,3,F,2,3,F,2,3,F,2,3,F,2,3,F,2,3,F,2,3,F,2,3,F,2,3,F,2,3,F,2,4,PF,2,4,PF,2,4,PF
Indonesia,6,5,PF,6,5,PF,6,5,PF,7,6,NF,7,6,NF,7,6,NF,7,5,NF,7,5,NF,6,4,PF,4,4,PF,3,4,PF,3,4,PF,3,4,PF,3,4,PF,3,4,PF,2,3,F,2,3,F,2,3,F,2,3,F,2,3,F,2,3,F,2,3,F,2,3,F,2,4,PF,2,4,PF,2,4,PF,2,4,PF,2,4,PF,2,4,PF,2,4,PF,2,4,PF,2,4,PF,2,4,PF
Iran,6,5,NF,6,5,NF,6,6,NF,6,7,NF,6,7,NF,6,7,NF,6,7,NF,6,7,NF,6,6,NF,6,6,NF,6,6,NF,6,6,NF,6,6,NF,6,6,NF,6,6,NF,6,6,NF,6,6,NF,6,6,NF,6,6,NF,6,6,NF,6,6,NF,6,6,NF,6,6,NF,6,6,NF,6,6,NF,6,6,NF,6,6,NF,6,6,NF,6,6,NF,6,6,NF,6,6,NF,7,6,NF,7,6,NF
Iraq,7,7,NF,7,7,NF,7,7,NF,7,7,NF,7,7,NF,7,7,NF,7,7,NF,7,7,NF,7,7,NF,7,7,NF,7,7,NF,7,7,NF,7,7,NF,7,5,NF,7,5,NF,6,5,NF,6,6,NF,6,6,NF,6,6,NF,5,6,NF,5,6,NF,5,6,NF,6,6,NF,5,6,NF,6,6,NF,5,6,NF,5,6,NF,5,6,NF,5,6,NF,5,6,NF,5,6,NF,5,6,NF,5,6,NF
Ireland,1,1,F,1,1,F,1,1,F,1,2,F,1,2,F,1,1,F,1,1,F,1,1,F,1,1,F,1,1,F,1,1,F,1,1,F,1,1,F,1,1,F,1,1,F,1,1,F,1,1,F,1,1,F,1,1,F,1,1,F,1,1,F,1,1,F,1,1,F,1,1,F,1,1,F,1,1,F,1,1,F,1,1,F,1,1,F,1,1,F,1,1,F,1,1,F,1,1,F
Israel,2,2,F,2,2,F,2,2,F,1,3,F,1,3,F,1,3,F,1,3,F,1,3,F,1,3,F,1,2,F,1,3,F,1,3,F,1,3,F,1,3,F,1,3,F,1,2,F,1,2,F,1,2,F,1,2,F,1,2,F,1,2,F,1,2,F,1,2,F,1,2,F,1,2,F,1,2,F,1,2,F,1,3,F,2,3,F,2,3,F,2,3,F,2,3,F,2,3,F
Italy,1,1,F,1,1,F,1,2,F,1,3,F,1,2,F,1,2,F,1,2,F,1,2,F,1,2,F,1,2,F,1,2,F,1,2,F,1,1,F,1,1,F,1,1,F,1,1,F,1,1,F,1,1,F,1,2,F,1,2,F,1,2,F,1,1,F,2,1,F,1,1,F,1,1,F,1,1,F,1,1,F,1,1,F,1,1,F,1,1,F,1,1,F,1,1,F,1,1,F
Jamaica,2,2,F,2,2,F,2,2,F,2,3,F,2,3,F,2,3,F,2,3,F,2,3,F,2,2,F,2,2,F,2,2,F,2,3,F,2,3,F,2,3,F,2,3,F,2,3,F,2,3,F,2,3,F,2,3,F,2,3,F,2,3,F,2,3,F,2,3,F,2,3,F,2,3,F,2,3,F,2,3,F,2,3,F,2,2,F,2,2,F,2,2,F,2,2,F,2,2,F
Japan,1,1,F,1,2,F,1,2,F,2,2,F,2,2,F,1,2,F,1,2,F,1,2,F,1,2,F,1,2,F,1,2,F,1,2,F,1,2,F,1,2,F,1,2,F,1,2,F,1,2,F,1,2,F,1,2,F,1,2,F,1,2,F,1,2,F,1,2,F,1,1,F,1,1,F,1,1,F,1,1,F,1,1,F,1,1,F,1,1,F,1,1,F,1,1,F,1,1,F
Jordan,5,5,PF,4,4,PF,3,3,PF,4,4,PF,4,4,PF,4,4,PF,4,4,PF,4,4,PF,4,5,PF,4,4,PF,4,4,PF,5,5,PF,6,5,PF,5,5,PF,5,4,PF,5,4,PF,5,4,PF,5,4,PF,5,5,PF,6,5,NF,6,5,NF,6,5,NF,6,5,NF,6,5,NF,6,5,NF,6,5,NF,5,5,PF,5,5,PF,5,5,PF,5,5,PF,6,5,NF,6,5,NF,6,5,NF
Kazakhstan,-,-,-,5,4,PF,5,5,PF,6,4,PF,6,5,NF,6,5,NF,6,5,NF,6,5,NF,6,5,NF,6,5,NF,6,5,NF,6,5,NF,6,5,NF,6,5,NF,6,5,NF,6,5,NF,6,5,NF,6,5,NF,6,5,NF,6,5,NF,6,5,NF,6,5,NF,6,5,NF,6,5,NF,6,5,NF,6,5,NF,7,5,NF,7,5,NF,7,5,NF,7,5,NF,7,5,NF,7,5,NF,7,5,NF
Kenya,6,6,NF,6,6,NF,4,5,PF,5,6,NF,6,6,NF,7,6,NF,7,6,NF,6,6,NF,6,5,NF,6,5,NF,6,5,NF,6,5,NF,4,4,PF,3,3,PF,3,3,PF,3,3,PF,3,3,PF,4,3,PF,4,3,PF,4,4,PF,4,3,PF,4,3,PF,4,4,PF,4,4,PF,4,4,PF,4,4,PF,4,4,PF,4,4,PF,4,4,PF,4,4,PF,4,4,PF,4,4,PF,4,4,PF
Kiribati,1,2,F,1,2,F,1,2,F,1,1,F,1,1,F,1,1,F,1,1,F,1,1,F,1,1,F,1,1,F,1,1,F,1,1,F,1,1,F,1,1,F,1,1,F,1,1,F,1,1,F,1,1,F,1,1,F,1,1,F,1,1,F,1,1,F,1,1,F,1,1,F,1,1,F,1,1,F,1,1,F,1,1,F,1,1,F,1,1,F,1,1,F,1,1,F,1,1,F
Kosovo,-,-,-,-,-,-,-,-,-,-,-,-,-,-,-,-,-,-,-,-,-,-,-,-,-,-,-,-,-,-,-,-,-,-,-,-,-,-,-,-,-,-,-,-,-,-,-,-,-,-,-,-,-,-,-,-,-,5,4,PF,5,4,PF,5,4,PF,5,4,PF,5,4,PF,4,4,PF,3,4,PF,3,4,PF,3,4,PF,3,4,PF,3,4,PF,4,4,PF,3,4,PF,3,4,PF
Kuwait,7,7,NF,6,5,NF,5,5,PF,5,5,PF,5,5,PF,5,5,PF,5,5,PF,5,5,PF,5,5,PF,4,5,PF,4,5,PF,4,5,PF,4,5,PF,4,5,PF,4,5,PF,4,5,PF,4,4,PF,4,4,PF,4,4,PF,4,4,PF,4,5,PF,4,5,PF,5,5,PF,5,5,PF,5,5,PF,5,5,PF,5,5,PF,5,5,PF,5,5,PF,5,5,PF,5,5,PF,5,5,PF,5,5,PF
Kyrgyzstan,-,-,-,5,4,PF,4,2,PF,5,3,PF,4,3,PF,4,4,PF,4,4,PF,4,4,PF,5,5,PF,5,5,PF,6,5,NF,6,5,NF,6,5,NF,6,5,NF,6,5,NF,5,4,PF,5,4,PF,5,4,PF,5,4,PF,6,5,NF,5,5,PF,5,5,PF,5,5,PF,5,5,PF,5,5,PF,5,5,PF,5,5,PF,5,5,PF,5,4,PF,5,4,PF,7,5,NF,7,5,NF,7,5,NF
Laos,6,7,NF,6,7,NF,7,6,NF,7,6,NF,7,6,NF,7,6,NF,7,6,NF,7,6,NF,7,6,NF,7,6,NF,7,6,NF,7,6,NF,7,6,NF,7,6,NF,7,6,NF,7,6,NF,7,6,NF,7,6,NF,7,6,NF,7,6,NF,7,6,NF,7,6,NF,7,6,NF,7,6,NF,7,6,NF,7,6,NF,7,6,NF,7,6,NF,7,6,NF,7,6,NF,7,6,NF,7,6,NF,7,6,NF
Latvia,-,-,-,2,3,F,3,3,PF,3,3,PF,3,2,F,2,2,F,2,2,F,1,2,F,1,2,F,1,2,F,1,2,F,1,2,F,1,2,F,1,2,F,1,2,F,1,1,F,1,1,F,2,1,F,2,1,F,2,1,F,2,2,F,2,2,F,2,2,F,2,2,F,2,2,F,2,2,F,1,2,F,2,2,F,2,2,F,1,2,F,1,2,F,1,2,F,1,2,F
Lebanon,6,5,NF,6,4,PF,5,4,PF,6,5,PF,6,5,PF,6,5,NF,6,5,NF,6,5,NF,6,5,NF,6,5,NF,6,5,NF,6,5,NF,6,5,NF,6,5,NF,6,5,NF,5,4,PF,5,4,PF,5,4,PF,5,4,PF,5,3,PF,5,3,PF,5,4,PF,5,4,PF,5,4,PF,5,4,PF,5,4,PF,5,4,PF,6,4,PF,5,4,PF,5,4,PF,5,4,PF,5,4,PF,5,4,PF
Lesotho,6,5,NF,6,4,PF,6,4,PF,3,4,PF,4,4,PF,4,4,PF,4,4,PF,4,4,PF,4,4,PF,4,4,PF,4,4,PF,4,4,PF,2,3,F,2,3,F,2,3,F,2,3,F,2,3,F,2,3,F,2,3,F,3,3,PF,3,3,PF,3,3,PF,2,3,F,2,3,F,2,3,F,3,3,PF,3,3,PF,3,3,PF,3,3,PF,3,3,PF,3,3,PF,3,3,PF,2,3,F
Liberia,7,7,NF,7,6,NF,7,6,NF,6,6,NF,7,6,NF,7,6,NF,7,6,NF,4,5,PF,4,5,PF,4,5,PF,5,6,PF,6,6,NF,6,6,NF,6,6,NF,5,4,PF,4,4,PF,3,4,PF,3,4,PF,3,4,PF,3,4,PF,3,4,PF,3,4,PF,3,4,PF,3,4,PF,3,4,PF,3,4,PF,3,4,PF,3,3,PF,3,3,PF,3,4,PF,3,4,PF,3,4,PF,3,4,PF
Libya,7,7,NF,7,7,NF,7,7,NF,7,7,NF,7,7,NF,7,7,NF,7,7,NF,7,7,NF,7,7,NF,7,7,NF,7,7,NF,7,7,NF,7,7,NF,7,7,NF,7,7,NF,7,7,NF,7,7,NF,7,7,NF,7,7,NF,7,7,NF,7,7,NF,7,6,NF,4,5,PF,4,5,PF,6,6,NF,6,6,NF,7,6,NF,7,6,NF,7,6,NF,7,6,NF,7,6,NF,7,6,NF,7,6,NF
Liechtenstein,-,-,-,-,-,-,1,1,F,1,1,F,1,1,F,1,1,F,1,1,F,1,1,F,1,1,F,1,1,F,1,1,F,1,1,F,1,1,F,1,1,F,1,1,F,1,1,F,1,1,F,1,1,F,1,1,F,1,1,F,1,1,F,1,1,F,1,1,F,1,1,F,1,1,F,1,1,F,2,1,F,2,1,F,2,1,F,2,1,F,2,1,F,2,1,F,2,1,F
Lithuania,-,-,-,2,3,F,2,3,F,1,3,F,1,3,F,1,2,F,1,2,F,1,2,F,1,2,F,1,2,F,1,2,F,1,2,F,1,2,F,1,2,F,2,2,F,1,1,F,1,1,F,1,1,F,1,1,F,1,1,F,1,1,F,1,1,F,1,1,F,1,1,F,1,1,F,1,1,F,1,1,F,1,1,F,1,1,F,1,1,F,1,2,F,1,2,F,1,2,F
Luxembourg,1,1,F,1,1,F,1,1,F,1,1,F,1,1,F,1,1,F,1,1,F,1,1,F,1,1,F,1,1,F,1,1,F,1,1,F,1,1,F,1,1,F,1,1,F,1,1,F,1,1,F,1,1,F,1,1,F,1,1,F,1,1,F,1,1,F,1,1,F,1,1,F,1,1,F,1,1,F,1,1,F,1,1,F,1,1,F,1,1,F,1,1,F,1,1,F,1,1,F
Madagascar,4,4,PF,4,4,PF,4,4,PF,2,4,PF,2,4,PF,2,4,PF,2,4,PF,2,4,PF,2,4,PF,2,4,PF,2,4,PF,2,4,PF,3,4,PF,3,3,PF,3,3,PF,3,3,PF,4,3,PF,4,3,PF,4,3,PF,6,4,PF,6,4,PF,6,4,PF,6,4,PF,5,4,PF,4,4,PF,3,4,PF,3,4,PF,3,4,PF,3,4,PF,3,3,PF,3,4,PF,3,4,PF,3,4,PF
Malawi,7,6,NF,7,6,NF,6,7,NF,6,5,NF,2,3,F,2,3,F,2,3,F,2,3,F,2,3,F,3,3,PF,3,3,PF,4,3,PF,4,4,PF,3,4,PF,4,4,PF,4,4,PF,4,3,PF,4,4,PF,4,4,PF,3,4,PF,3,4,PF,3,4,PF,3,4,PF,3,4,PF,3,4,PF,3,3,PF,3,3,PF,3,3,PF,3,3,PF,3,3,PF,3,3,PF,3,3,PF,3,3,PF
Malaysia,5,4,PF,5,4,PF,5,4,PF,4,5,PF,4,5,PF,4,5,PF,4,5,PF,4,5,PF,5,5,PF,5,5,PF,5,5,PF,5,5,PF,5,5,PF,5,4,PF,4,4,PF,4,4,PF,4,4,PF,4,4,PF,4,4,PF,4,4,PF,4,4,PF,4,4,PF,4,4,PF,4,4,PF,4,4,PF,4,4,PF,4,4,PF,4,4,PF,4,4,PF,4,4,PF,4,4,PF,4,4,PF,4,4,PF
Maldives,6,5,NF,6,5,NF,6,5,NF,6,6,NF,6,6,NF,6,6,NF,6,6,NF,6,6,NF,6,5,NF,6,5,NF,6,5,NF,6,5,NF,6,5,NF,6,5,NF,6,5,NF,6,5,NF,6,5,NF,6,5,NF,4,4,PF,3,4,PF,3,4,PF,3,4,PF,5,4,PF,4,4,PF,4,4,PF,4,5,PF,5,5,PF,5,5,PF,5,5,PF,4,5,PF,4,5,PF,4,5,PF,4,5,PF
Mali,6,5,NF,6,4,PF,2,3,F,2,3,F,2,4,PF,2,3,F,2,2,F,3,3,F,3,3,F,3,3,F,2,3,F,2,3,F,2,3,F,2,2,F,2,2,F,2,2,F,2,2,F,2,3,F,2,3,F,2,3,F,2,3,F,2,3,F,7,5,NF,5,4,PF,5,4,PF,5,4,PF,5,4,PF,5,4,PF,4,4,PF,5,5,PF,6,5,NF,6,5,NF,6,5,NF
Malta,1,1,F,1,1,F,1,1,F,1,1,F,1,1,F,1,1,F,1,1,F,1,1,F,1,1,F,1,1,F,1,1,F,1,1,F,1,1,F,1,1,F,1,1,F,1,1,F,1,1,F,1,1,F,1,1,F,1,1,F,1,1,F,1,1,F,1,1,F,1,1,F,1,1,F,1,1,F,1,1,F,1,1,F,2,1,F,2,1,F,2,1,F,2,1,F,2,1,F
Marshall Islands,-,-,-,1,1,F,1,1,F,1,1,F,1,1,F,1,1,F,1,1,F,1,1,F,1,1,F,1,1,F,1,1,F,1,1,F,1,1,F,1,1,F,1,1,F,1,1,F,1,1,F,1,1,F,1,1,F,1,1,F,1,1,F,1,1,F,1,1,F,1,1,F,1,1,F,1,1,F,1,1,F,1,1,F,1,1,F,1,1,F,1,1,F,1,1,F,1,1,F
Mauritania,7,6,NF,7,6,NF,7,6,NF,7,6,NF,7,7,NF,6,6,NF,6,6,NF,6,6,NF,6,5,NF,6,5,NF,6,5,NF,5,5,PF,5,5,PF,6,5,NF,6,5,NF,6,4,PF,5,4,PF,4,4,PF,6,5,NF,6,5,NF,6,5,NF,6,5,NF,6,5,NF,6,5,NF,6,5,NF,6,5,NF,6,5,NF,6,5,NF,6,5,NF,5,5,PF,5,5,PF,5,5,PF,5,5,PF
Mauritius,2,2,F,1,2,F,2,2,F,1,2,F,1,2,F,1,2,F,1,2,F,1,2,F,1,2,F,1,2,F,1,2,F,1,2,F,1,2,F,1,2,F,1,1,F,1,1,F,1,2,F,1,2,F,1,2,F,1,2,F,1,2,F,1,2,F,1,2,F,1,2,F,1,2,F,1,2,F,1,2,F,1,2,F,1,2,F,1,2,F,1,2,F,1,2,F,2,2,F
Mexico,4,4,PF,4,4,PF,4,3,PF,4,4,PF,4,4,PF,4,4,PF,4,3,PF,3,4,PF,3,4,PF,3,4,PF,2,3,F,2,3,F,2,2,F,2,2,F,2,2,F,2,2,F,2,3,F,2,3,F,2,3,F,2,3,F,3,3,PF,3,3,PF,3,3,PF,3,3,PF,3,3,PF,3,3,PF,3,3,PF,3,3,PF,3,3,PF,3,3,PF,3,4,PF,3,4,PF,3,4,PF
Micronesia,-,-,-,1,1,F,1,1,F,1,1,F,1,1,F,1,1,F,1,1,F,1,2,F,1,2,F,1,2,F,1,2,F,1,2,F,1,2,F,1,1,F,1,1,F,1,1,F,1,1,F,1,1,F,1,1,F,1,1,F,1,1,F,1,1,F,1,1,F,1,1,F,1,1,F,1,1,F,1,1,F,1,1,F,1,1,F,1,1,F,1,1,F,1,1,F,1,1,F
Moldova,-,-,-,5,4,PF,5,5,PF,5,5,PF,4,4,PF,4,4,PF,3,4,PF,3,4,PF,2,4,PF,2,4,PF,2,4,PF,2,4,PF,3,4,PF,3,4,PF,3,4,PF,3,4,PF,3,4,PF,3,4,PF,4,4,PF,3,4,PF,3,3,PF,3,3,PF,3,3,PF,3,3,PF,3,3,PF,3,3,PF,3,3,PF,3,3,PF,3,4,PF,3,4,PF,3,3,PF,3,3,PF,3,3,PF
Monaco,-,-,-,-,-,-,-,-,-,2,1,F,2,1,F,2,1,F,2,1,F,2,1,F,2,1,F,2,1,F,2,1,F,2,1,F,2,1,F,2,1,F,2,1,F,2,1,F,2,1,F,2,1,F,2,1,F,2,1,F,2,1,F,2,1,F,2,1,F,2,1,F,2,1,F,2,1,F,3,1,F,3,1,F,3,1,F,3,1,F,3,1,F,3,1,F,3,1,F
Mongolia,4,4,PF,2,3,F,3,2,F,2,3,F,2,3,F,2,3,F,2,3,F,2,3,F,2,3,F,2,3,F,2,3,F,2,3,F,2,2,F,2,2,F,2,2,F,2,2,F,2,2,F,2,2,F,2,2,F,2,2,F,2,2,F,2,2,F,1,2,F,1,2,F,1,2,F,1,2,F,1,2,F,1,2,F,1,2,F,1,2,F,1,2,F,1,2,F,1,2,F
Montenegro,-,-,-,-,-,-,-,-,-,-,-,-,-,-,-,-,-,-,-,-,-,-,-,-,-,-,-,-,-,-,-,-,-,-,-,-,-,-,-,-,-,-,-,-,-,-,-,-,3,3,PF,3,3,PF,3,3,PF,3,2,F,3,2,F,3,2,F,3,2,F,3,2,F,3,2,F,3,3,PF,3,3,PF,3,3,PF,4,3,PF,4,3,PF,3,3,PF,3,3,PF,3,3,PF
Morocco,4,4,PF,5,5,PF,6,5,PF,5,5,PF,5,5,PF,5,5,PF,5,5,PF,5,5,PF,5,4,PF,5,4,PF,5,4,PF,5,5,PF,5,5,PF,5,5,PF,5,4,PF,5,4,PF,5,4,PF,5,4,PF,5,4,PF,5,4,PF,5,4,PF,5,4,PF,5,4,PF,5,4,PF,5,4,PF,5,4,PF,5,4,PF,5,5,PF,5,5,PF,5,5,PF,5,5,PF,5,5,PF,5,5,PF
Mozambique,6,6,NF,6,4,PF,6,4,PF,6,5,NF,3,5,PF,3,4,PF,3,4,PF,3,4,PF,3,4,PF,3,4,PF,3,4,PF,3,4,PF,3,4,PF,3,4,PF,3,4,PF,3,4,PF,3,4,PF,3,3,PF,3,3,PF,4,3,PF,4,3,PF,4,3,PF,4,3,PF,4,3,PF,4,3,PF,4,4,PF,4,4,PF,4,4,PF,4,4,PF,5,4,PF,5,4,PF,5,4,PF,5,4,PF
Myanmar,7,7,NF,7,7,NF,7,7,NF,7,7,NF,7,7,NF,7,7,NF,7,7,NF,7,7,NF,7,7,NF,7,7,NF,7,7,NF,7,7,NF,7,7,NF,7,7,NF,7,7,NF,7,7,NF,7,7,NF,7,7,NF,7,7,NF,7,7,NF,7,7,NF,7,6,NF,6,5,NF,6,5,NF,6,6,NF,6,5,NF,5,5,PF,5,5,PF,5,5,PF,5,6,NF,5,6,NF,7,6,NF,7,6,NF
Namibia,2,3,F,2,3,F,2,2,F,2,3,F,2,3,F,2,3,F,2,3,F,2,3,F,2,3,F,2,3,F,2,3,F,2,3,F,2,3,F,2,3,F,2,3,F,2,2,F,2,2,F,2,2,F,2,2,F,2,2,F,2,2,F,2,2,F,2,2,F,2,2,F,2,2,F,2,2,F,2,2,F,2,2,F,3,2,F,2,2,F,2,2,F,2,2,F,2,2,F
Nauru,1,2,F,1,2,F,1,2,F,1,3,F,1,3,F,1,3,F,1,3,F,1,3,F,1,3,F,1,3,F,1,3,F,1,3,F,1,2,F,1,1,F,1,1,F,1,1,F,1,1,F,1,1,F,1,1,F,1,1,F,1,1,F,1,1,F,1,1,F,1,1,F,1,2,F,2,2,F,2,2,F,2,2,F,2,2,F,2,3,F,2,3,F,2,3,F,2,3,F
Nepal,4,4,PF,2,3,F,2,3,F,3,4,PF,3,4,PF,3,4,PF,3,4,PF,3,4,PF,3,4,PF,3,4,PF,3,4,PF,3,4,PF,4,4,PF,5,4,PF,5,5,PF,6,5,NF,5,4,PF,5,4,PF,4,4,PF,4,4,PF,4,4,PF,4,4,PF,4,4,PF,4,4,PF,3,4,PF,3,4,PF,3,4,PF,3,4,PF,3,4,PF,3,4,PF,3,4,PF,3,4,PF,3,4,PF
Netherlands,1,1,F,1,1,F,1,1,F,1,1,F,1,1,F,1,1,F,1,1,F,1,1,F,1,1,F,1,1,F,1,1,F,1,1,F,1,1,F,1,1,F,1,1,F,1,1,F,1,1,F,1,1,F,1,1,F,1,1,F,1,1,F,1,1,F,1,1,F,1,1,F,1,1,F,1,1,F,1,1,F,1,1,F,1,1,F,1,1,F,1,1,F,1,1,F,1,1,F
New Zealand,1,1,F,1,1,F,1,1,F,1,1,F,1,1,F,1,1,F,1,1,F,1,1,F,1,1,F,1,1,F,1,1,F,1,1,F,1,1,F,1,1,F,1,1,F,1,1,F,1,1,F,1,1,F,1,1,F,1,1,F,1,1,F,1,1,F,1,1,F,1,1,F,1,1,F,1,1,F,1,1,F,1,1,F,1,1,F,1,1,F,1,1,F,1,1,F,1,1,F
Nicaragua,3,3,PF,3,3,PF,4,3,PF,4,5,PF,4,5,PF,4,4,PF,3,3,PF,3,3,PF,2,3,PF,3,3,PF,3,3,PF,3,3,PF,3,3,PF,3,3,PF,3,3,PF,3,3,PF,3,3,PF,3,3,PF,4,3,PF,4,4,PF,4,4,PF,5,4,PF,5,4,PF,4,3,PF,4,3,PF,4,3,PF,5,4,PF,5,4,PF,6,5,NF,6,5,NF,6,5,NF,7,5,NF,7,6,NF
Niger,6,5,NF,6,5,PF,5,4,PF,3,4,PF,3,5,PF,3,5,PF,7,5,NF,7,5,NF,7,5,NF,5,5,PF,4,4,PF,4,4,PF,4,4,PF,4,4,PF,3,3,PF,3,3,PF,3,3,PF,3,4,PF,3,4,PF,5,4,PF,5,4,PF,3,4,PF,3,4,PF,3,4,PF,3,4,PF,3,4,PF,4,4,PF,4,4,PF,4,4,PF,4,4,PF,4,4,PF,4,4,PF,4,4,PF
Nigeria,5,5,PF,5,4,PF,5,4,PF,7,5,NF,7,6,NF,7,7,NF,7,6,NF,7,6,NF,6,4,PF,4,3,PF,4,4,PF,4,5,PF,4,5,PF,4,4,PF,4,4,PF,4,4,PF,4,4,PF,4,4,PF,5,4,PF,5,4,PF,4,4,PF,4,4,PF,4,4,PF,4,4,PF,4,5,PF,4,5,PF,3,5,PF,3,5,PF,3,5,PF,4,5,PF,4,5,PF,4,5,PF,4,5,PF
North Korea,7,7,NF,7,7,NF,7,7,NF,7,7,NF,7,7,NF,7,7,NF,7,7,NF,7,7,NF,7,7,NF,7,7,NF,7,7,NF,7,7,NF,7,7,NF,7,7,NF,7,7,NF,7,7,NF,7,7,NF,7,7,NF,7,7,NF,7,7,NF,7,7,NF,7,7,NF,7,7,NF,7,7,NF,7,7,NF,7,7,NF,7,7,NF,7,7,NF,7,7,NF,7,7,NF,7,7,NF,7,7,NF,7,7,NF
North Macedonia,-,-,-,-,-,-,3,4,PF,3,3,PF,4,3,PF,4,3,PF,4,3,PF,4,3,PF,3,3,PF,3,3,PF,4,3,PF,4,4,PF,3,3,PF,3,3,PF,3,3,PF,3,3,PF,3,3,PF,3,3,PF,3,3,PF,3,3,PF,3,3,PF,3,3,PF,3,3,PF,3,3,PF,4,3,PF,4,3,PF,4,3,PF,4,3,PF,4,3,PF,3,3,PF,3,3,PF,3,3,PF,3,3,PF
Norway,1,1,F,1,1,F,1,1,F,1,1,F,1,1,F,1,1,F,1,1,F,1,1,F,1,1,F,1,1,F,1,1,F,1,1,F,1,1,F,1,1,F,1,1,F,1,1,F,1,1,F,1,1,F,1,1,F,1,1,F,1,1,F,1,1,F,1,1,F,1,1,F,1,1,F,1,1,F,1,1,F,1,1,F,1,1,F,1,1,F,1,1,F,1,1,F,1,1,F
Oman,6,6,NF,6,6,NF,6,5,PF,6,6,NF,6,6,NF,6,6,NF,6,6,NF,6,6,NF,6,6,NF,6,6,NF,6,5,NF,6,5,NF,6,5,NF,6,5,NF,6,5,NF,6,5,NF,6,5,NF,6,5,NF,6,5,NF,6,5,NF,6,5,NF,6,5,NF,6,5,NF,6,5,NF,6,5,NF,6,5,NF,6,5,NF,6,5,NF,6,5,NF,6,5,NF,6,5,NF,6,5,NF,6,5,NF
Pakistan,4,4,PF,4,5,PF,4,5,PF,3,5,PF,3,5,PF,3,5,PF,4,5,PF,4,5,PF,4,5,PF,7,5,NF,6,5,NF,6,5,NF,6,5,NF,6,5,NF,6,5,NF,6,5,NF,6,5,NF,6,5,NF,4,5,PF,4,5,PF,4,5,PF,4,5,PF,4,5,PF,4,5,PF,4,5,PF,4,5,PF,4,5,PF,4,5,PF,5,5,PF,5,5,PF,5,5,PF,5,5,PF,5,5,PF
Palau,-,-,-,-,-,-,-,-,-,-,-,-,1,2,F,1,2,F,1,2,F,1,2,F,1,2,F,1,2,F,1,2,F,1,2,F,1,2,F,1,1,F,1,1,F,1,1,F,1,1,F,1,1,F,1,1,F,1,1,F,1,1,F,1,1,F,1,1,F,1,1,F,1,1,F,1,1,F,1,1,F,1,1,F,1,1,F,1,1,F,1,1,F,1,1,F,1,1,F
Panama,4,2,PF,4,2,PF,4,3,PF,3,3,PF,2,3,F,2,3,F,2,3,F,2,3,F,2,3,F,1,2,F,1,2,F,1,2,F,1,2,F,1,2,F,1,2,F,1,2,F,1,2,F,1,2,F,1,2,F,1,2,F,1,2,F,1,2,F,1,2,F,2,2,F,2,2,F,2,2,F,2,2,F,2,2,F,1,2,F,1,2,F,2,2,F,2,2,F,2,2,F
Papua New Guinea,2,3,F,2,3,F,2,3,F,2,4,PF,2,4,PF,2,4,PF,2,4,PF,2,4,PF,2,3,F,2,3,F,2,3,F,2,3,F,2,3,F,3,3,PF,3,3,PF,3,3,PF,3,3,PF,3,3,PF,4,3,PF,4,3,PF,4,3,PF,4,3,PF,4,3,PF,3,3,PF,4,3,PF,4,3,PF,3,3,PF,3,3,PF,4,3,PF,4,3,PF,4,3,PF,4,3,PF,4,3,PF
Paraguay,4,3,PF,3,3,PF,3,3,PF,3,3,PF,4,3,PF,4,3,PF,4,3,PF,4,3,PF,4,3,PF,4,3,PF,4,3,PF,4,3,PF,4,3,PF,3,3,PF,3,3,PF,3,3,PF,3,3,PF,3,3,PF,3,3,PF,3,3,PF,3,3,PF,3,3,PF,3,3,PF,3,3,PF,3,3,PF,3,3,PF,3,3,PF,3,3,PF,3,3,PF,3,3,PF,3,3,PF,3,3,PF,3,3,PF
Peru,3,4,PF,3,5,PF,6,5,PF,5,5,PF,5,4,PF,5,4,PF,4,3,PF,5,4,PF,5,4,PF,5,4,PF,3,4,PF,1,3,F,2,3,F,2,3,F,2,3,F,2,3,F,2,3,F,2,3,F,2,3,F,2,3,F,2,3,F,2,3,F,2,3,F,2,3,F,2,3,F,2,3,F,2,3,F,2,3,F,2,3,F,2,3,F,3,3,PF,2,3,F,3,3,PF
Philippines,3,3,PF,3,3,PF,3,3,PF,3,4,PF,3,4,PF,2,4,PF,2,3,F,2,3,F,2,3,F,2,3,F,2,3,F,2,3,F,2,3,F,2,3,F,2,3,F,3,3,PF,3,3,PF,4,3,PF,4,3,PF,4,3,PF,3,3,PF,3,3,PF,3,3,PF,3,3,PF,3,3,PF,3,3,PF,3,3,PF,3,3,PF,3,3,PF,3,4,PF,3,4,PF,3,4,PF,3,4,PF
Poland,2,2,F,2,2,F,2,2,F,2,2,F,2,2,F,1,2,F,1,2,F,1,2,F,1,2,F,1,2,F,1,2,F,1,2,F,1,2,F,1,2,F,1,1,F,1,1,F,1,1,F,1,1,F,1,1,F,1,1,F,1,1,F,1,1,F,1,1,F,1,1,F,1,1,F,1,1,F,1,2,F,1,2,F,2,2,F,2,2,F,2,2,F,2,2,F,2,2,F
Portugal,1,2,F,1,1,F,1,1,F,1,1,F,1,1,F,1,1,F,1,1,F,1,1,F,1,1,F,1,1,F,1,1,F,1,1,F,1,1,F,1,1,F,1,1,F,1,1,F,1,1,F,1,1,F,1,1,F,1,1,F,1,1,F,1,1,F,1,1,F,1,1,F,1,1,F,1,1,F,1,1,F,1,1,F,1,1,F,1,1,F,1,1,F,1,1,F,1,1,F
Qatar,7,5,NF,7,5,NF,7,6,NF,7,6,NF,7,6,NF,7,6,NF,7,6,NF,7,6,NF,7,6,NF,6,6,NF,6,6,NF,6,6,NF,6,6,NF,6,6,NF,6,5,NF,6,5,NF,6,5,NF,6,5,NF,6,5,NF,6,5,NF,6,5,NF,6,5,NF,6,5,NF,6,5,NF,6,5,NF,6,5,NF,6,5,NF,6,5,NF,6,5,NF,6,5,NF,6,5,NF,6,5,NF,6,5,NF
Romania,6,5,NF,5,5,PF,4,4,PF,4,4,PF,4,3,PF,4,3,PF,2,3,F,2,2,F,2,2,F,2,2,F,2,2,F,2,2,F,2,2,F,2,2,F,3,2,F,2,2,F,2,2,F,2,2,F,2,2,F,2,2,F,2,2,F,2,2,F,2,2,F,2,2,F,2,2,F,2,2,F,2,2,F,2,2,F,2,2,F,2,2,F,2,2,F,2,2,F,2,2,F
Russia,-,-,-,3,3,PF,3,4,PF,3,4,PF,3,4,PF,3,4,PF,3,4,PF,3,4,PF,4,4,PF,4,5,PF,5,5,PF,5,5,PF,5,5,PF,5,5,PF,6,5,NF,6,5,NF,6,5,NF,6,5,NF,6,5,NF,6,5,NF,6,5,NF,6,5,NF,6,5,NF,6,5,NF,6,6,NF,6,6,NF,7,6,NF,7,6,NF,7,6,NF,7,6,NF,7,6,NF,7,6,NF,7,6,NF
Rwanda,6,6,NF,6,6,NF,6,5,NF,6,5,NF,7,7,NF,7,6,NF,7,6,NF,7,6,NF,7,6,NF,7,6,NF,7,6,NF,7,6,NF,7,5,NF,6,5,NF,6,5,NF,6,5,NF,6,5,NF,6,5,NF,6,5,NF,6,5,NF,6,5,NF,6,5,NF,6,6,NF,6,5,NF,6,6,NF,6,6,NF,6,6,NF,6,6,NF,6,6,NF,6,6,NF,6,6,NF,6,6,NF,6,6,NF
Samoa,2,2,F,2,2,F,2,2,F,2,2,F,2,2,F,2,2,F,2,2,F,2,2,F,2,3,F,2,2,F,2,2,F,2,2,F,2,2,F,2,2,F,2,2,F,2,2,F,2,2,F,2,2,F,2,2,F,2,2,F,2,2,F,2,2,F,2,2,F,2,2,F,2,2,F,2,2,F,2,2,F,2,2,F,2,2,F,2,2,F,2,2,F,2,2,F,2,2,F
San Marino,-,-,-,-,-,-,1,1,F,1,1,F,1,1,F,1,1,F,1,1,F,1,1,F,1,1,F,1,1,F,1,1,F,1,1,F,1,1,F,1,1,F,1,1,F,1,1,F,1,1,F,1,1,F,1,1,F,1,1,F,1,1,F,1,1,F,1,1,F,1,1,F,1,1,F,1,1,F,1,1,F,1,1,F,1,1,F,1,1,F,1,1,F,1,1,F,1,1,F
Sao Tome and Principe,5,5,PF,2,3,F,2,3,F,1,2,F,1,2,F,1,2,F,1,2,F,1,2,F,1,2,F,1,2,F,1,2,F,1,2,F,1,2,F,2,2,F,2,2,F,2,2,F,2,2,F,2,2,F,2,2,F,2,2,F,2,2,F,2,2,F,2,2,F,2,2,F,2,2,F,2,2,F,2,2,F,2,2,F,2,2,F,2,2,F,2,2,F,2,2,F,2,2,F
Saudi Arabia,7,6,NF,7,6,NF,7,7,NF,7,7,NF,7,7,NF,7,7,NF,7,7,NF,7,7,NF,7,7,NF,7,7,NF,7,7,NF,7,7,NF,7,7,NF,7,7,NF,7,7,NF,7,6,NF,7,6,NF,7,6,NF,7,6,NF,7,6,NF,7,6,NF,7,7,NF,7,7,NF,7,7,NF,7,7,NF,7,7,NF,7,7,NF,7,7,NF,7,7,NF,7,7,NF,7,7,NF,7,7,NF,7,7,NF
Senegal,4,3,PF,4,3,PF,4,3,PF,4,5,PF,4,5,PF,4,5,PF,4,4,PF,4,4,PF,4,4,PF,4,4,PF,3,4,PF,3,4,PF,2,3,F,2,3,F,2,3,F,2,3,F,2,3,F,2,3,F,3,3,PF,3,3,PF,3,3,PF,3,3,PF,2,3,F,2,2,F,2,2,F,2,2,F,2,2,F,2,2,F,2,3,F,3,3,PF,3,3,PF,3,3,PF,3,3,PF
Serbia,-,-,-,-,-,-,-,-,-,-,-,-,-,-,-,-,-,-,-,-,-,-,-,-,-,-,-,-,-,-,-,-,-,-,-,-,-,-,-,-,-,-,-,-,-,-,-,-,3,2,F,3,2,F,3,2,F,2,2,F,2,2,F,2,2,F,2,2,F,2,2,F,2,2,F,2,2,F,3,2,F,3,2,F,3,3,PF,4,3,PF,4,3,PF,4,3,PF,4,3,PF
Serbia and Montenegro,-,-,-,-,-,-,-,-,-,-,-,-,-,-,-,-,-,-,-,-,-,-,-,-,-,-,-,-,-,-,-,-,-,-,-,-,-,-,-,3,2,F,3,2,F,3,2,F,-,-,-,-,-,-,-,-,-,-,-,-,-,-,-,-,-,-,-,-,-,-,-,-,-,-,-,-,-,-,-,-,-,-,-,-,-,-,-,-,-,-,-,-,-,-,-,-,-,-,-
Seychelles,6,6,NF,6,6,NF,6,4,PF,3,4,PF,3,4,PF,3,3,PF,3,3,PF,3,3,PF,3,3,PF,3,3,PF,3,3,PF,3,3,PF,3,3,PF,3,3,PF,3,3,PF,3,3,PF,3,3,PF,3,3,PF,3,3,PF,3,3,PF,3,3,PF,3,3,PF,3,3,PF,3,3,PF,3,3,PF,3,3,PF,3,3,PF,3,3,PF,3,3,PF,3,3,PF,2,3,F,2,2,F,2,2,F
Sierra Leone,6,5,PF,6,5,PF,7,6,NF,7,6,NF,7,6,NF,7,6,NF,4,5,PF,7,6,NF,3,5,PF,3,5,PF,4,5,PF,4,5,PF,4,4,PF,4,3,PF,4,3,PF,4,3,PF,4,3,PF,3,3,PF,3,3,PF,3,3,PF,3,3,PF,3,3,PF,2,3,F,3,3,PF,3,3,PF,3,3,PF,3,3,PF,3,3,PF,3,3,PF,3,3,PF,3,3,PF,3,3,PF,3,3,PF
Singapore,4,4,PF,4,4,PF,4,5,PF,5,5,PF,5,5,PF,5,5,PF,4,5,PF,5,5,PF,5,5,PF,5,5,PF,5,5,PF,5,5,PF,5,4,PF,5,4,PF,5,4,PF,5,4,PF,5,4,PF,5,4,PF,5,4,PF,5,4,PF,5,4,PF,4,4,PF,4,4,PF,4,4,PF,4,4,PF,4,4,PF,4,4,PF,4,4,PF,4,4,PF,4,4,PF,4,4,PF,4,4,PF,4,4,PF
Slovakia,-,-,-,-,-,-,-,-,-,3,4,PF,2,3,F,2,3,F,2,4,PF,2,4,PF,2,2,F,1,2,F,1,2,F,1,2,F,1,2,F,1,2,F,1,1,F,1,1,F,1,1,F,1,1,F,1,1,F,1,1,F,1,1,F,1,1,F,1,1,F,1,1,F,1,1,F,1,1,F,1,1,F,1,1,F,1,2,F,1,2,F,1,1,F,1,1,F,1,1,F
Slovenia,-,-,-,2,3,F,2,2,F,1,2,F,1,2,F,1,2,F,1,2,F,1,2,F,1,2,F,1,2,F,1,2,F,1,2,F,1,1,F,1,1,F,1,1,F,1,1,F,1,1,F,1,1,F,1,1,F,1,1,F,1,1,F,1,1,F,1,1,F,1,1,F,1,1,F,1,1,F,1,1,F,1,1,F,1,1,F,1,1,F,1,1,F,1,2,F,1,1,F
Solomon Islands,1,1,F,1,1,F,1,1,F,1,2,F,1,2,F,1,2,F,1,2,F,1,2,F,1,2,F,1,2,F,4,4,PF,4,4,PF,3,3,PF,3,3,PF,3,3,PF,3,3,PF,4,3,PF,4,3,PF,4,3,PF,4,3,PF,4,3,PF,4,3,PF,4,3,PF,4,3,PF,3,3,PF,3,3,PF,3,2,F,3,2,F,2,2,F,2,2,F,2,2,F,2,2,F,3,2,F
Somalia,7,7,NF,7,7,NF,7,7,NF,7,7,NF,7,7,NF,7,7,NF,7,7,NF,7,7,NF,7,7,NF,7,7,NF,6,7,NF,6,7,NF,6,7,NF,6,7,NF,6,7,NF,6,7,NF,7,7,NF,7,7,NF,7,7,NF,7,7,NF,7,7,NF,7,7,NF,7,7,NF,7,7,NF,7,7,NF,7,7,NF,7,7,NF,7,7,NF,7,7,NF,7,7,NF,7,7,NF,7,7,NF,7,7,NF
South Africa,5,4,PF,5,4,PF,5,4,PF,5,4,PF,2,3,F,1,2,F,1,2,F,1,2,F,1,2,F,1,2,F,1,2,F,1,2,F,1,2,F,1,2,F,1,2,F,1,2,F,2,2,F,2,2,F,2,2,F,2,2,F,2,2,F,2,2,F,2,2,F,2,2,F,2,2,F,2,2,F,2,2,F,2,2,F,2,2,F,2,2,F,2,2,F,2,2,F,2,2,F
South Korea,2,3,F,2,3,F,2,3,F,2,2,F,2,2,F,2,2,F,2,2,F,2,2,F,2,2,F,2,2,F,2,2,F,2,2,F,2,2,F,2,2,F,1,2,F,1,2,F,1,2,F,1,2,F,1,2,F,1,2,F,1,2,F,1,2,F,1,2,F,2,2,F,2,2,F,2,2,F,2,2,F,2,2,F,2,2,F,2,2,F,2,2,F,2,2,F,2,2,F
South Sudan,-,-,-,-,-,-,-,-,-,-,-,-,-,-,-,-,-,-,-,-,-,-,-,-,-,-,-,-,-,-,-,-,-,-,-,-,-,-,-,-,-,-,-,-,-,-,-,-,-,-,-,-,-,-,-,-,-,-,-,-,-,-,-,6,5,NF,6,5,NF,6,6,NF,7,6,NF,7,6,NF,7,7,NF,7,7,NF,7,7,NF,7,7,NF,7,7,NF,7,7,NF,7,7,NF
Spain,1,1,F,1,1,F,1,1,F,1,2,F,1,2,F,1,2,F,1,2,F,1,2,F,1,2,F,1,2,F,1,2,F,1,2,F,1,1,F,1,1,F,1,1,F,1,1,F,1,1,F,1,1,F,1,1,F,1,1,F,1,1,F,1,1,F,1,1,F,1,1,F,1,1,F,1,1,F,1,1,F,1,1,F,1,1,F,1,1,F,1,1,F,1,1,F,1,1,F
Sri Lanka,4,5,PF,4,5,PF,4,5,PF,4,5,PF,4,5,PF,4,5,PF,3,5,PF,3,4,PF,3,4,PF,3,4,PF,3,4,PF,3,4,PF,3,4,PF,3,3,PF,3,3,PF,3,3,PF,4,4,PF,4,4,PF,4,4,PF,4,4,PF,5,4,PF,5,4,PF,5,4,PF,5,4,PF,5,5,PF,4,4,PF,3,4,PF,3,4,PF,3,4,PF,4,4,PF,4,4,PF,4,4,PF,4,4,PF
St. Kitts and Nevis,1,1,F,1,1,F,1,1,F,1,1,F,2,2,F,1,2,F,1,2,F,1,2,F,1,2,F,1,2,F,1,2,F,1,2,F,1,2,F,1,2,F,1,2,F,1,1,F,1,1,F,1,1,F,1,1,F,1,1,F,1,1,F,1,1,F,1,1,F,1,1,F,1,1,F,2,1,F,1,1,F,1,1,F,1,1,F,1,1,F,2,1,F,2,1,F,2,1,F
St. Lucia,1,2,F,1,2,F,1,2,F,1,2,F,1,2,F,1,2,F,1,2,F,1,2,F,1,2,F,1,2,F,1,2,F,1,2,F,1,2,F,1,2,F,1,2,F,1,1,F,1,1,F,1,1,F,1,1,F,1,1,F,1,1,F,1,1,F,1,1,F,1,1,F,1,1,F,1,1,F,1,1,F,1,1,F,1,1,F,1,1,F,1,1,F,1,1,F,1,1,F
St. Vincent and the Grenadines,1,2,F,1,2,F,1,2,F,1,1,F,2,1,F,2,1,F,2,1,F,2,1,F,2,1,F,2,1,F,2,1,F,2,1,F,2,1,F,2,1,F,2,1,F,2,1,F,2,1,F,2,1,F,2,1,F,2,1,F,1,1,F,1,1,F,1,1,F,1,1,F,1,1,F,1,1,F,1,1,F,1,1,F,1,1,F,1,1,F,1,1,F,1,1,F,1,1,F
Sudan,7,7,NF,7,7,NF,7,7,NF,7,7,NF,7,7,NF,7,7,NF,7,7,NF,7,7,NF,7,7,NF,7,7,NF,7,7,NF,7,7,NF,7,7,NF,7,7,NF,7,7,NF,7,7,NF,7,7,NF,7,7,NF,7,7,NF,7,7,NF,7,7,NF,7,7,NF,7,7,NF,7,7,NF,7,7,NF,7,7,NF,7,7,NF,7,7,NF,7,7,NF,7,6,NF,7,6,NF,7,6,NF,7,6,NF
Suriname,6,4,PF,4,4,PF,3,3,PF,3,3,PF,3,3,PF,3,3,PF,3,3,PF,3,3,PF,3,3,PF,3,3,PF,1,2,F,1,2,F,1,2,F,1,2,F,1,2,F,2,2,F,2,2,F,2,2,F,2,2,F,2,2,F,2,2,F,2,2,F,2,2,F,2,2,F,2,2,F,2,3,F,2,3,F,2,2,F,2,3,F,2,3,F,2,2,F,2,2,F,2,2,F
Sweden,1,1,F,1,1,F,1,1,F,1,1,F,1,1,F,1,1,F,1,1,F,1,1,F,1,1,F,1,1,F,1,1,F,1,1,F,1,1,F,1,1,F,1,1,F,1,1,F,1,1,F,1,1,F,1,1,F,1,1,F,1,1,F,1,1,F,1,1,F,1,1,F,1,1,F,1,1,F,1,1,F,1,1,F,1,1,F,1,1,F,1,1,F,1,1,F,1,1,F
Switzerland,1,1,F,1,1,F,1,1,F,1,1,F,1,1,F,1,1,F,1,1,F,1,1,F,1,1,F,1,1,F,1,1,F,1,1,F,1,1,F,1,1,F,1,1,F,1,1,F,1,1,F,1,1,F,1,1,F,1,1,F,1,1,F,1,1,F,1,1,F,1,1,F,1,1,F,1,1,F,1,1,F,1,1,F,1,1,F,1,1,F,1,1,F,1,1,F,1,1,F
Syria,7,7,NF,7,7,NF,7,7,NF,7,7,NF,7,7,NF,7,7,NF,7,7,NF,7,7,NF,7,7,NF,7,7,NF,7,7,NF,7,7,NF,7,7,NF,7,7,NF,7,7,NF,7,7,NF,7,6,NF,7,6,NF,7,6,NF,7,6,NF,7,6,NF,7,7,NF,7,7,NF,7,7,NF,7,7,NF,7,7,NF,7,7,NF,7,7,NF,7,7,NF,7,7,NF,7,7,NF,7,7,NF,7,7,NF
Taiwan,3,3,PF,3,3,PF,3,3,PF,4,4,PF,3,3,PF,3,3,PF,2,2,F,2,2,F,2,2,F,2,2,F,1,2,F,1,2,F,2,2,F,2,2,F,2,1,F,1,1,F,2,1,F,2,1,F,2,1,F,1,2,F,1,2,F,1,2,F,1,2,F,1,2,F,1,2,F,1,2,F,1,1,F,1,1,F,1,1,F,1,1,F,1,1,F,1,1,F,1,1,F
Tajikistan,-,-,-,5,5,PF,6,6,NF,7,7,NF,7,7,NF,7,7,NF,7,7,NF,6,6,NF,6,6,NF,6,6,NF,6,6,NF,6,6,NF,6,5,NF,6,5,NF,6,5,NF,6,5,NF,6,5,NF,6,5,NF,6,5,NF,6,5,NF,6,5,NF,6,5,NF,6,6,NF,6,6,NF,6,6,NF,7,6,NF,7,6,NF,7,6,NF,7,6,NF,7,6,NF,7,6,NF,7,6,NF,7,7,NF
Tanzania,6,5,NF,6,5,NF,6,5,PF,6,5,NF,6,6,NF,5,5,PF,5,5,PF,5,5,PF,5,4,PF,4,4,PF,4,4,PF,4,4,PF,4,3,PF,4,3,PF,4,3,PF,4,3,PF,4,3,PF,4,3,PF,4,3,PF,4,3,PF,3,3,PF,3,3,PF,3,3,PF,3,3,PF,3,3,PF,3,4,PF,3,4,PF,4,4,PF,4,5,PF,5,5,PF,5,5,PF,5,5,PF,5,5,PF
Thailand,2,3,F,6,4,PF,3,4,PF,3,5,PF,3,5,PF,3,4,PF,3,3,PF,3,3,PF,2,3,F,2,3,F,2,3,F,2,3,F,2,3,F,2,3,F,2,3,F,3,3,PF,7,4,NF,6,4,PF,5,4,PF,5,4,PF,5,4,PF,4,4,PF,4,4,PF,4,4,PF,6,5,NF,6,5,NF,6,5,NF,6,5,NF,7,5,NF,6,4,PF,7,5,NF,7,5,NF,6,5,NF
The Gambia,2,2,F,2,2,F,1,2,F,2,2,F,7,6,NF,7,6,NF,7,6,NF,7,6,NF,7,5,NF,7,5,NF,7,5,NF,5,5,PF,4,4,PF,4,4,PF,4,4,PF,5,4,PF,5,4,PF,5,4,PF,5,4,PF,5,5,PF,5,5,PF,6,5,NF,6,6,NF,6,6,NF,6,6,NF,7,6,NF,6,6,NF,4,5,PF,4,5,PF,4,4,PF,4,4,PF,4,4,PF,4,4,PF
Timor-Leste,-,-,-,-,-,-,-,-,-,-,-,-,-,-,-,-,-,-,-,-,-,-,-,-,-,-,-,6,4,PF,6,3,PF,5,3,PF,3,3,PF,3,3,PF,3,3,PF,3,3,PF,3,4,PF,3,4,PF,3,4,PF,3,4,PF,3,4,PF,3,4,PF,3,4,PF,3,4,PF,3,3,PF,3,3,PF,3,3,PF,2,3,F,2,3,F,2,3,F,2,3,F,2,3,F,2,3,F
Togo,6,6,NF,6,5,NF,6,5,NF,7,5,NF,6,5,NF,6,5,NF,6,5,NF,6,5,NF,6,5,NF,5,5,PF,5,5,PF,5,5,PF,6,5,NF,6,5,NF,6,5,NF,6,5,NF,6,5,NF,5,5,PF,5,5,PF,5,4,PF,5,4,PF,5,4,PF,5,4,PF,4,4,PF,4,4,PF,4,4,PF,4,4,PF,4,4,PF,5,4,PF,5,4,PF,5,4,PF,5,4,PF,5,4,PF
Tonga,3,3,PF,3,3,PF,3,3,PF,5,3,PF,5,3,PF,5,3,PF,5,3,PF,5,3,PF,5,3,PF,5,3,PF,5,3,PF,5,3,PF,5,3,PF,5,3,PF,5,3,PF,5,3,PF,5,3,PF,5,3,PF,5,3,PF,5,3,PF,3,3,PF,3,3,PF,3,2,F,2,2,F,2,2,F,2,2,F,2,2,F,2,2,F,2,2,F,2,2,F,2,2,F,2,2,F,2,2,F
Trinidad and Tobago,1,1,F,1,1,F,1,1,F,1,1,F,1,2,F,1,2,F,1,2,F,1,2,F,1,2,F,1,2,F,2,2,F,3,3,PF,3,3,PF,3,3,PF,3,3,PF,3,2,F,2,2,F,2,2,F,2,2,F,2,2,F,2,2,F,2,2,F,2,2,F,2,2,F,2,2,F,2,2,F,2,2,F,2,2,F,2,2,F,2,2,F,2,2,F,2,2,F,2,2,F
Tunisia,5,4,PF,5,5,PF,6,5,PF,6,5,NF,6,5,NF,6,5,NF,6,5,NF,6,5,PF,6,5,NF,6,5,NF,6,5,NF,6,5,NF,6,5,NF,6,5,NF,6,5,NF,6,5,NF,6,5,NF,7,5,NF,7,5,NF,7,5,NF,7,5,NF,3,4,PF,3,4,PF,3,3,PF,1,3,F,1,3,F,1,3,F,2,3,F,2,3,F,2,3,F,2,3,F,3,3,PF,4,3,PF
Turkey,2,4,PF,2,4,PF,2,4,PF,4,4,PF,5,5,PF,5,5,PF,4,5,PF,4,5,PF,4,5,PF,4,5,PF,4,5,PF,4,5,PF,3,4,PF,3,4,PF,3,3,PF,3,3,PF,3,3,PF,3,3,PF,3,3,PF,3,3,PF,3,3,PF,3,3,PF,3,4,PF,3,4,PF,3,4,PF,3,4,PF,4,5,PF,5,6,NF,5,6,NF,5,6,NF,5,6,NF,5,6,NF,5,6,NF
Turkmenistan,-,-,-,6,5,PF,7,6,NF,7,7,NF,7,7,NF,7,7,NF,7,7,NF,7,7,NF,7,7,NF,7,7,NF,7,7,NF,7,7,NF,7,7,NF,7,7,NF,7,7,NF,7,7,NF,7,7,NF,7,7,NF,7,7,NF,7,7,NF,7,7,NF,7,7,NF,7,7,NF,7,7,NF,7,7,NF,7,7,NF,7,7,NF,7,7,NF,7,7,NF,7,7,NF,7,7,NF,7,7,NF,7,7,NF
Tuvalu,1,1,F,1,1,F,1,1,F,1,1,F,1,1,F,1,1,F,1,1,F,1,1,F,1,1,F,1,1,F,1,1,F,1,1,F,1,1,F,1,1,F,1,1,F,1,1,F,1,1,F,1,1,F,1,1,F,1,1,F,1,1,F,1,1,F,1,1,F,1,1,F,1,1,F,1,1,F,1,1,F,1,1,F,1,1,F,1,1,F,1,1,F,1,1,F,1,1,F
Uganda,6,5,PF,6,6,NF,6,5,NF,6,5,NF,5,5,PF,5,4,PF,4,4,PF,4,4,PF,4,4,PF,5,5,PF,6,5,PF,6,5,PF,6,4,PF,5,4,PF,5,4,PF,5,4,PF,5,4,PF,5,4,PF,5,4,PF,5,4,PF,5,4,PF,5,4,PF,5,4,PF,6,4,PF,6,5,NF,6,5,NF,6,5,NF,6,4,PF,6,5,NF,6,5,NF,6,5,NF,6,5,NF,6,5,NF
Ukraine,-,-,-,3,3,PF,3,3,PF,4,4,PF,3,4,PF,3,4,PF,3,4,PF,3,4,PF,3,4,PF,3,4,PF,4,4,PF,4,4,PF,4,4,PF,4,4,PF,4,3,PF,3,2,F,3,2,F,3,2,F,3,2,F,3,2,F,3,3,PF,4,3,PF,4,3,PF,4,3,PF,3,3,PF,3,3,PF,3,3,PF,3,3,PF,3,4,PF,3,3,PF,3,4,PF,3,3,PF,4,4,PF
United Arab Emirates,6,5,NF,6,5,NF,6,5,PF,7,5,NF,6,5,NF,6,5,NF,6,5,NF,6,5,NF,6,5,NF,6,5,NF,6,5,NF,6,5,NF,6,5,NF,6,6,NF,6,6,NF,6,6,NF,6,5,NF,6,5,NF,6,5,NF,6,5,NF,6,5,NF,6,6,NF,6,6,NF,6,6,NF,6,6,NF,6,6,NF,6,6,NF,7,6,NF,7,6,NF,7,6,NF,7,6,NF,7,6,NF,7,6,NF
United Kingdom,1,2,F,1,2,F,1,2,F,1,2,F,1,2,F,1,2,F,1,2,F,1,2,F,1,2,F,1,2,F,1,2,F,1,2,F,1,1,F,1,1,F,1,1,F,1,1,F,1,1,F,1,1,F,1,1,F,1,1,F,1,1,F,1,1,F,1,1,F,1,1,F,1,1,F,1,1,F,1,1,F,1,1,F,1,1,F,1,1,F,1,1,F,1,1,F,1,1,F
United States,1,1,F,1,1,F,1,1,F,1,1,F,1,1,F,1,1,F,1,1,F,1,1,F,1,1,F,1,1,F,1,1,F,1,1,F,1,1,F,1,1,F,1,1,F,1,1,F,1,1,F,1,1,F,1,1,F,1,1,F,1,1,F,1,1,F,1,1,F,1,1,F,1,1,F,1,1,F,1,1,F,2,1,F,2,1,F,2,1,F,2,2,F,2,2,F,2,2,F
Uruguay,1,2,F,1,2,F,1,2,F,2,2,F,2,2,F,2,2,F,1,2,F,1,2,F,1,2,F,1,2,F,1,1,F,1,1,F,1,1,F,1,1,F,1,1,F,1,1,F,1,1,F,1,1,F,1,1,F,1,1,F,1,1,F,1,1,F,1,1,F,1,1,F,1,1,F,1,1,F,1,1,F,1,1,F,1,1,F,1,1,F,1,1,F,1,1,F,1,1,F
USSR,5,4,PF,-,-,-,-,-,-,-,-,-,-,-,-,-,-,-,-,-,-,-,-,-,-,-,-,-,-,-,-,-,-,-,-,-,-,-,-,-,-,-,-,-,-,-,-,-,-,-,-,-,-,-,-,-,-,-,-,-,-,-,-,-,-,-,-,-,-,-,-,-,-,-,-,-,-,-,-,-,-,-,-,-,-,-,-,-,-,-,-,-,-,-,-,-,-,-,-
Uzbekistan,-,-,-,6,5,PF,6,6,NF,7,7,NF,7,7,NF,7,7,NF,7,6,NF,7,6,NF,7,6,NF,7,6,NF,7,6,NF,7,6,NF,7,6,NF,7,6,NF,7,6,NF,7,7,NF,7,7,NF,7,7,NF,7,7,NF,7,7,NF,7,7,NF,7,7,NF,7,7,NF,7,7,NF,7,7,NF,7,7,NF,7,7,NF,7,7,NF,7,6,NF,7,6,NF,7,6,NF,7,6,NF,7,6,NF
Vanuatu,2,3,F,2,3,F,2,3,F,1,2,F,1,3,F,1,3,F,1,3,F,1,3,F,1,3,F,1,3,F,1,3,F,1,3,F,1,2,F,2,2,F,2,2,F,2,2,F,2,2,F,2,2,F,2,2,F,2,2,F,2,2,F,2,2,F,2,2,F,2,2,F,2,2,F,2,2,F,2,2,F,2,2,F,2,2,F,2,2,F,2,2,F,2,2,F,2,2,F
Venezuela,1,3,F,1,3,F,3,3,PF,3,3,PF,3,3,PF,3,3,PF,2,3,F,2,3,F,2,3,F,4,4,PF,3,5,PF,3,5,PF,3,4,PF,3,4,PF,3,4,PF,4,4,PF,4,4,PF,4,4,PF,4,4,PF,5,4,PF,5,5,PF,5,5,PF,5,5,PF,5,5,PF,5,5,PF,5,5,PF,6,5,NF,6,5,NF,7,6,NF,7,6,NF,7,6,NF,7,6,NF,7,6,NF
Vietnam,7,7,NF,7,7,NF,7,7,NF,7,7,NF,7,7,NF,7,7,NF,7,7,NF,7,7,NF,7,7,NF,7,7,NF,7,6,NF,7,6,NF,7,6,NF,7,6,NF,7,6,NF,7,5,NF,7,5,NF,7,5,NF,7,5,NF,7,5,NF,7,5,NF,7,5,NF,7,5,NF,7,5,NF,7,5,NF,7,5,NF,7,5,NF,7,5,NF,7,5,NF,7,5,NF,7,6,NF,7,6,NF,7,6,NF
"Vietnam, N.",-,-,-,-,-,-,-,-,-,-,-,-,-,-,-,-,-,-,-,-,-,-,-,-,-,-,-,-,-,-,-,-,-,-,-,-,-,-,-,-,-,-,-,-,-,-,-,-,-,-,-,-,-,-,-,-,-,-,-,-,-,-,-,-,-,-,-,-,-,-,-,-,-,-,-,-,-,-,-,-,-,-,-,-,-,-,-,-,-,-,-,-,-,-,-,-,-,-,-
"Vietnam, S.",-,-,-,-,-,-,-,-,-,-,-,-,-,-,-,-,-,-,-,-,-,-,-,-,-,-,-,-,-,-,-,-,-,-,-,-,-,-,-,-,-,-,-,-,-,-,-,-,-,-,-,-,-,-,-,-,-,-,-,-,-,-,-,-,-,-,-,-,-,-,-,-,-,-,-,-,-,-,-,-,-,-,-,-,-,-,-,-,-,-,-,-,-,-,-,-,-,-,-
Yemen,6,5,PF,6,5,PF,6,4,PF,4,5,PF,5,6,NF,5,6,NF,5,6,NF,5,6,NF,5,6,NF,5,6,NF,5,6,NF,6,6,NF,6,5,NF,5,5,PF,5,5,PF,5,5,PF,5,5,PF,5,5,PF,5,5,PF,6,5,NF,6,5,NF,6,6,NF,6,6,NF,6,6,NF,6,6,NF,7,6,NF,7,6,NF,7,6,NF,7,6,NF,7,6,NF,7,6,NF,7,6,NF,7,6,NF
"Yemen, N.",-,-,-,-,-,-,-,-,-,-,-,-,-,-,-,-,-,-,-,-,-,-,-,-,-,-,-,-,-,-,-,-,-,-,-,-,-,-,-,-,-,-,-,-,-,-,-,-,-,-,-,-,-,-,-,-,-,-,-,-,-,-,-,-,-,-,-,-,-,-,-,-,-,-,-,-,-,-,-,-,-,-,-,-,-,-,-,-,-,-,-,-,-,-,-,-,-,-,-
"Yemen, S.",-,-,-,-,-,-,-,-,-,-,-,-,-,-,-,-,-,-,-,-,-,-,-,-,-,-,-,-,-,-,-,-,-,-,-,-,-,-,-,-,-,-,-,-,-,-,-,-,-,-,-,-,-,-,-,-,-,-,-,-,-,-,-,-,-,-,-,-,-,-,-,-,-,-,-,-,-,-,-,-,-,-,-,-,-,-,-,-,-,-,-,-,-,-,-,-,-,-,-
Yugoslavia,5,4,PF,6,5,NF,6,5,PF,6,6,NF,6,6,NF,6,6,NF,6,6,NF,6,6,NF,6,6,NF,5,5,PF,4,4,PF,3,3,PF,3,2,F,-,-,-,-,-,-,-,-,-,-,-,-,-,-,-,-,-,-,-,-,-,-,-,-,-,-,-,-,-,-,-,-,-,-,-,-,-,-,-,-,-,-,-,-,-,-,-,-,-,-,-,-,-,-,-,-,-,-,-,-
Zambia,6,5,PF,2,3,F,2,3,F,3,4,PF,3,4,PF,3,4,PF,5,4,PF,5,4,PF,5,4,PF,5,4,PF,5,4,PF,5,4,PF,4,4,PF,4,4,PF,4,4,PF,4,4,PF,3,4,PF,3,4,PF,3,3,PF,3,4,PF,3,4,PF,3,4,PF,3,4,PF,3,4,PF,3,4,PF,3,4,PF,4,4,PF,4,4,PF,4,4,PF,4,4,PF,4,4,PF,4,4,PF,4,4,PF
Zimbabwe,6,4,PF,5,4,PF,5,4,PF,5,5,PF,5,5,PF,5,5,PF,5,5,PF,5,5,PF,5,5,PF,6,5,PF,6,5,PF,6,6,NF,6,6,NF,6,6,NF,7,6,NF,7,6,NF,7,6,NF,7,6,NF,7,6,NF,6,6,NF,6,6,NF,6,6,NF,6,6,NF,5,6,NF,5,6,NF,5,5,PF,5,5,PF,6,5,NF,5,5,PF,5,5,PF,6,5,NF,6,5,NF,6,5,NF
